Date,LogRend_SIP500,LogRend_USD/MXN,Precio_SIP500,Precio_USD/MXN
1/3/2018 0:00,0.006378433,-0.007531825,2713.060059,19.35110092
1/4/2018 0:00,0.004020543,-0.002283112,2723.98999,19.3069706
1/5/2018 0:00,0.007009146,-0.006911018,2743.149902,19.17399979
1/8/2018 0:00,0.001660964,0.000944574,2747.709961,19.1921196
1/9/2018 0:00,0.001302084,0.002734923,2751.290039,19.2446804
1/10/2018 0:00,-0.001112846,0.000951503,2748.22998,19.26300049
1/11/2018 0:00,0.007009026,-0.002475694,2767.560059,19.21537018
1/12/2018 0:00,0.006726926,-0.009536124,2786.23999,19.03300095
1/16/2018 0:00,-0.003530713,-0.014847259,2776.419922,18.75250053
1/17/2018 0:00,0.009371006,-0.001902903,2802.560059,18.71685028
1/18/2018 0:00,-0.001617697,-0.006967133,2798.030029,18.58690071
1/19/2018 0:00,0.004375648,0.001808236,2810.300049,18.62054062
1/22/2018 0:00,0.008034364,0.004674219,2832.969971,18.70778084
1/23/2018 0:00,0.002172005,-0.00184484,2839.129883,18.67329979
1/24/2018 0:00,-0.000560133,-0.00743221,2837.540039,18.53503036
1/25/2018 0:00,0.000602439,0.004008648,2839.25,18.6094799
1/26/2018 0:00,0.011771638,-0.007171493,2872.870117,18.47649956
1/29/2018 0:00,-0.006754736,0.006543626,2853.530029,18.5977993
1/30/2018 0:00,-0.010958643,0.009002387,2822.429932,18.76597977
1/31/2018 0:00,0.000488866,-0.009577902,2823.810059,18.58709908
2/1/2018 0:00,-0.000648298,-0.013764497,2821.97998,18.33300972
2/2/2018 0:00,-0.021436681,0.013199432,2762.129883,18.57659912
2/5/2018 0:00,-0.041842541,0.012801143,2648.939941,18.81592941
2/6/2018 0:00,0.017290573,-0.010397747,2695.139893,18.62129974
2/7/2018 0:00,-0.005014138,0.008379892,2681.659912,18.77799988
2/8/2018 0:00,-0.038259052,0.004839728,2581,18.86910057
2/9/2018 0:00,0.014825645,-0.009553168,2619.550049,18.68969917
2/12/2018 0:00,0.013818666,-0.005450911,2656,18.58810043
2/13/2018 0:00,0.002609522,0.002482367,2662.939941,18.63430023
2/14/2018 0:00,0.01331344,-0.004259325,2698.629883,18.55509949
2/15/2018 0:00,0.011996862,-0.002826914,2731.199951,18.50271988
2/16/2018 0:00,0.0003734,0.000128642,2732.219971,18.50510025
2/20/2018 0:00,-0.005858517,0.010658924,2716.26001,18.70339966
2/21/2018 0:00,-0.005511664,0.007176131,2701.330078,18.83810043
2/22/2018 0:00,0.000973077,-0.012510153,2703.959961,18.60390091
2/23/2018 0:00,0.015901278,-0.004514676,2747.300049,18.52009964
2/26/2018 0:00,0.011688439,0.007729171,2779.600098,18.66379929
2/27/2018 0:00,-0.012788311,0.008812479,2744.280029,18.82900047
2/28/2018 0:00,-0.011157806,-0.000207177,2713.830078,18.82509995
3/1/2018 0:00,-0.013413966,0.000948812,2677.669922,18.84296989
3/2/2018 0:00,0.005058785,-0.001841125,2691.25,18.80830956
3/5/2018 0:00,0.010971618,-0.00125868,2720.939941,18.7846508
3/6/2018 0:00,0.002635383,0.003470214,2728.120117,18.84995079
3/7/2018 0:00,-0.000483992,-0.008077724,2726.800049,18.69829941
3/8/2018 0:00,0.004453148,-0.003927815,2738.969971,18.625
3/9/2018 0:00,0.017229547,-0.001289431,2786.570068,18.60099983
3/12/2018 0:00,-0.001274797,-0.001350339,2783.02002,18.57589912
3/13/2018 0:00,-0.00638391,0.001274046,2765.310059,18.59958076
3/14/2018 0:00,-0.00574097,-0.001457037,2749.47998,18.57250023
3/15/2018 0:00,-0.000782236,0.00616213,2747.330078,18.68729973
3/16/2018 0:00,0.001701998,-0.00067979,2752.01001,18.6746006
3/19/2018 0:00,-0.014306041,0.001214782,2712.919922,18.69729996
3/20/2018 0:00,0.001480709,0.002489256,2716.939941,18.7439003
3/21/2018 0:00,-0.001845692,-0.01615366,2711.929932,18.44355011
3/22/2018 0:00,-0.025484887,0.012414282,2643.689941,18.67394066
3/23/2018 0:00,-0.021189807,-0.008812507,2588.26001,18.51009941
3/26/2018 0:00,0.026795041,-0.009900754,2658.550049,18.32773972
3/27/2018 0:00,-0.017427286,0.002875657,2612.620117,18.38051987
3/28/2018 0:00,-0.002920919,-0.003213418,2605,18.32155037
3/29/2018 0:00,0.013675777,-0.008405195,2640.870117,18.16819954
4/2/2018 0:00,-0.022590682,0.00314893,2581.879883,18.22550011
4/3/2018 0:00,0.012535961,-0.00012287,2614.449951,18.22326088
4/4/2018 0:00,0.011500102,0,2644.689941,18.22326088
4/5/2018 0:00,0.006839421,-0.006842109,2662.840088,18.09900093
4/6/2018 0:00,-0.022164067,0.006564392,2604.469971,18.21820068
4/9/2018 0:00,0.003330995,0.004667894,2613.159912,18.30344009
4/10/2018 0:00,0.016588599,0.001515481,2656.870117,18.33119965
4/11/2018 0:00,-0.005540686,-0.005064292,2642.189941,18.23859978
4/12/2018 0:00,0.008216899,-0.002470348,2663.98999,18.1935997
4/13/2018 0:00,-0.0028908,-0.001231955,2656.300049,18.1711998
4/16/2018 0:00,0.008076337,-0.006524374,2677.840088,18.05303001
4/17/2018 0:00,0.010605072,-0.00339191,2706.389893,17.99189949
4/18/2018 0:00,0.00083102,0.001804807,2708.639893,18.02440071
4/19/2018 0:00,-0.005742582,0.002850332,2693.129883,18.07584953
4/20/2018 0:00,-0.008573177,0.02032119,2670.139893,18.44692993
4/23/2018 0:00,5.62E-05,0.003958652,2670.290039,18.52009964
4/24/2018 0:00,-0.013470888,0.021717046,2634.560059,18.92670059
4/25/2018 0:00,0.001835374,-0.006098346,2639.399902,18.81163025
4/26/2018 0:00,0.010380144,0.001851932,2666.939941,18.8465004
4/27/2018 0:00,0.001113005,-0.004690879,2669.909912,18.75830078
4/30/2018 0:00,-0.008221193,-0.006487557,2648.050049,18.63699913
5/1/2018 0:00,0.002545802,0.003219609,2654.800049,18.69709969
5/2/2018 0:00,-0.007231951,0.01267001,2635.669922,18.93549919
5/3/2018 0:00,-0.002256218,0.008168084,2629.72998,19.09079933
5/4/2018 0:00,0.01272981,-0.002354635,2663.419922,19.04590034
5/7/2018 0:00,0.003451981,0.010892897,2672.629883,19.25449944
5/8/2018 0:00,-0.000265677,0.008821291,2671.919922,19.42510033
5/9/2018 0:00,0.009635648,0.006337573,2697.790039,19.54859924
5/10/2018 0:00,0.009327012,0.000951046,2723.070068,19.56719971
5/11/2018 0:00,0.001706139,-0.017024353,2727.719971,19.23690033
5/14/2018 0:00,0.0008831,0.00546923,2730.129883,19.3423996
5/15/2018 0:00,-0.006865655,0.012035374,2711.449951,19.57659912
5/16/2018 0:00,0.00405234,0.004729161,2722.459961,19.66939926
5/17/2018 0:00,-0.000856239,-0.005444553,2720.129883,19.56259918
5/18/2018 0:00,-0.002635665,0.009468087,2712.969971,19.74869919
5/21/2018 0:00,0.007359605,0.007121957,2733.01001,19.88985062
5/22/2018 0:00,-0.003140689,-0.003336396,2724.439941,19.82360077
5/23/2018 0:00,0.003243145,-0.003090033,2733.290039,19.76243973
5/24/2018 0:00,-0.002025263,-0.006500053,2727.76001,19.63439941
5/25/2018 0:00,-0.002360003,-0.003469264,2721.330078,19.56640053
5/29/2018 0:00,-0.011631573,0.001003743,2689.860107,19.58605003
5/30/2018 0:00,0.012615875,0.012874935,2724.01001,19.83984947
5/31/2018 0:00,-0.006903333,-0.003263893,2705.27002,19.77519989
6/1/2018 0:00,0.0107908,0.006466954,2734.620117,19.9034996
6/4/2018 0:00,0.004469595,0.001953498,2746.870117,19.94241905
6/5/2018 0:00,0.000702346,0.006043731,2748.800049,20.06331062
6/6/2018 0:00,0.008530901,0.016343028,2772.350098,20.39389992
6/7/2018 0:00,-0.000714444,-0.004930263,2770.370117,20.29360008
6/8/2018 0:00,0.003121029,0.006096593,2779.030029,20.41769981
6/11/2018 0:00,0.001068137,-0.00451115,2782,20.32579994
6/12/2018 0:00,0.001741867,0.01152941,2786.850098,20.56150055
6/13/2018 0:00,-0.004034255,0.006336382,2775.629883,20.69219971
6/14/2018 0:00,0.002468501,-0.00183324,2782.48999,20.65430069
6/15/2018 0:00,-0.00101762,0.00888348,2779.659912,20.83860016
6/18/2018 0:00,-0.002128391,-0.00750367,2773.75,20.68281937
6/19/2018 0:00,-0.004031518,-0.006457042,2762.590088,20.54969978
6/20/2018 0:00,0.00171069,-0.00191422,2767.320068,20.51040077
6/21/2018 0:00,-0.006365729,-0.007384435,2749.76001,20.35950089
6/22/2018 0:00,0.001860203,-0.00241949,2754.879883,20.31030083
6/25/2018 0:00,-0.013819723,-0.013872055,2717.070068,20.03050041
6/26/2018 0:00,0.002202151,-0.006244993,2723.060059,19.90579987
6/27/2018 0:00,-0.008641586,0.000843137,2699.629883,19.92259026
6/28/2018 0:00,0.00615968,0.011585757,2716.310059,20.15475082
6/29/2018 0:00,0.000758116,-0.021335216,2718.370117,19.72929955
7/2/2018 0:00,0.003063261,0.003289204,2726.709961,19.79430008
7/3/2018 0:00,-0.004959629,0.008536665,2713.219971,19.9640007
7/5/2018 0:00,0.008583857,-0.027426389,2736.610107,19.4239006
7/6/2018 0:00,0.008445518,-0.008861861,2759.820068,19.25252914
7/9/2018 0:00,0.008784291,-0.009992827,2784.169922,19.06110001
7/10/2018 0:00,0.003467249,0.006098539,2793.840088,19.17770004
7/11/2018 0:00,-0.007119486,-0.008683052,2774.02002,19.01189995
7/12/2018 0:00,0.008710992,0.002453319,2798.290039,19.05859947
7/13/2018 0:00,0.001078656,-0.004675956,2801.310059,18.96969032
7/16/2018 0:00,-0.001028665,-0.003574196,2798.429932,18.90200996
7/17/2018 0:00,0.003965824,-0.003657604,2809.550049,18.83300018
7/18/2018 0:00,0.002158182,0.002746703,2815.620117,18.88479996
7/19/2018 0:00,-0.003960827,0.00024358,2804.48999,18.88940048
7/20/2018 0:00,-0.000948898,0.007706294,2801.830078,19.03553009
7/23/2018 0:00,0.001836362,-0.000760402,2806.97998,19.02106094
7/24/2018 0:00,0.004769519,-0.006257987,2820.399902,18.90239906
7/25/2018 0:00,0.009060435,-0.002526624,2846.070068,18.85470009
7/26/2018 0:00,-0.003036903,-0.010637348,2837.439941,18.65519905
7/27/2018 0:00,-0.006583835,-0.001222848,2818.820068,18.63240051
7/30/2018 0:00,-0.005770789,-0.001380249,2802.600098,18.6067009
7/31/2018 0:00,0.004872837,-0.004099411,2816.290039,18.53058052
8/1/2018 0:00,-0.001040893,0.007221866,2813.360107,18.66489029
8/2/2018 0:00,0.00491435,-0.004015089,2827.219971,18.59009933
8/3/2018 0:00,0.004633432,0.002358766,2840.350098,18.63400078
8/6/2018 0:00,0.003531983,-0.003513274,2850.399902,18.56864929
8/7/2018 0:00,0.002820202,-0.00226762,2858.449951,18.52659035
8/8/2018 0:00,-0.000262414,-0.004505842,2857.699951,18.44330025
8/9/2018 0:00,-0.001442715,0.000775016,2853.580078,18.45759964
8/10/2018 0:00,-0.007139312,0.014196427,2833.280029,18.7215004
8/13/2018 0:00,-0.004014038,0.018323157,2821.929932,19.06769943
8/14/2018 0:00,0.00636893,0.003298556,2839.959961,19.13069916
8/15/2018 0:00,-0.007631209,-0.013201721,2818.370117,18.8798008
8/16/2018 0:00,0.007888215,0.015983989,2840.689941,19.18400002
8/17/2018 0:00,0.003317606,-0.009242977,2850.129883,19.00749969
8/20/2018 0:00,0.002425075,-0.006825777,2857.050049,18.87820053
8/21/2018 0:00,0.0020664,0.006617434,2862.959961,19.00354004
8/22/2018 0:00,-0.000398231,-0.003150191,2861.820068,18.94376945
8/23/2018 0:00,-0.001692694,-0.009356471,2856.97998,18.76734924
8/24/2018 0:00,0.006179706,0.012646666,2874.689941,19.00620079
8/27/2018 0:00,0.007641141,-0.012633352,2896.73999,18.76759911
8/28/2018 0:00,0.000269242,0.001732913,2897.52002,18.80014992
8/29/2018 0:00,0.005685242,0.014039198,2914.040039,19.06595039
8/30/2018 0:00,-0.004440172,-0.00735155,2901.129883,18.92630005
8/31/2018 0:00,0.000134468,0.009127475,2901.52002,19.09984016
9/4/2018 0:00,-0.001655692,0.00442795,2896.719971,19.18460083
9/5/2018 0:00,-0.002807063,0.009519425,2888.600098,19.36809921
9/6/2018 0:00,-0.003658991,-0.001612118,2878.050049,19.33690071
9/7/2018 0:00,-0.002215798,-0.005412077,2871.679932,19.23253059
9/10/2018 0:00,0.001896028,0.004221897,2877.129883,19.31389999
9/11/2018 0:00,0.003732866,-0.002498763,2887.889893,19.26569939
9/12/2018 0:00,0.000356608,-0.003321195,2888.919922,19.20182037
9/13/2018 0:00,0.005268352,-0.009140827,2904.179932,19.02709961
9/14/2018 0:00,0.000275444,-0.010407652,2904.97998,18.83009911
9/17/2018 0:00,-0.005585291,0.002381689,2888.800049,18.875
9/18/2018 0:00,0.005354653,0.002356977,2904.310059,18.91954041
9/19/2018 0:00,0.001252488,-0.00696096,2907.949951,18.78829956
9/20/2018 0:00,0.007810014,-0.001736651,2930.75,18.75569916
9/21/2018 0:00,-0.000368601,0.004266928,2929.669922,18.83589935
9/24/2018 0:00,-0.003521882,0.000438973,2919.370117,18.84416962
9/25/2018 0:00,-0.001305948,0.006437481,2915.560059,18.9658699
9/26/2018 0:00,-0.0032947,0.000497082,2905.969971,18.97529984
9/27/2018 0:00,0.002759476,-0.006679326,2914,18.84897995
9/28/2018 0:00,-6.87E-06,-0.003314943,2913.97998,18.78660011
10/1/2018 0:00,0.003634492,-0.005989215,2924.590088,18.6744194
10/2/2018 0:00,-0.000396769,0.001791205,2923.429932,18.70789909
10/3/2018 0:00,0.000711267,0.004224609,2925.51001,18.78709984
10/4/2018 0:00,-0.008203035,0.012977553,2901.610107,19.03249931
10/5/2018 0:00,-0.005543315,0.003702608,2885.570068,19.10309982
10/8/2018 0:00,-0.000395195,-0.017847052,2884.429932,18.76519012
10/9/2018 0:00,-0.00141891,0.009449877,2880.340088,18.94335938
10/10/2018 0:00,-0.033416389,0.00254645,2785.679932,18.99165916
10/11/2018 0:00,-0.02078758,0.009021661,2728.370117,19.16377068
10/12/2018 0:00,0.014106235,-0.009848147,2767.129883,18.97596931
10/15/2018 0:00,-0.005922482,-0.005759011,2750.790039,18.86700058
10/16/2018 0:00,0.021267828,-0.002488906,2809.919922,18.82010078
10/17/2018 0:00,-0.000252694,-0.003620252,2809.209961,18.75209045
10/18/2018 0:00,-0.014496491,0.006034952,2768.780029,18.86560059
10/19/2018 0:00,-0.000361235,0.014466274,2767.780029,19.14049911
10/22/2018 0:00,-0.004308797,0.007272151,2755.879883,19.28019905
10/23/2018 0:00,-0.005527076,0.005807776,2740.689941,19.39249992
10/24/2018 0:00,-0.031350774,-0.00535291,2656.100098,19.28897095
10/25/2018 0:00,0.018453718,0.015872121,2705.570068,19.59757042
10/26/2018 0:00,-0.017479138,-0.005926466,2658.689941,19.48176956
10/29/2018 0:00,-0.006581208,-0.005763953,2641.25,19.36980057
10/30/2018 0:00,0.015545323,0.034658616,2682.629883,20.05290031
10/31/2018 0:00,0.010792879,0.000433729,2711.73999,20.06159973
11/1/2018 0:00,0.010502499,0.012556442,2740.370117,20.31509018
11/2/2018 0:00,-0.006336721,-0.007574224,2723.060059,20.16180038
11/5/2018 0:00,0.005584694,-0.007532611,2738.310059,20.01049995
11/6/2018 0:00,0.006239788,-0.007116495,2755.449951,19.86860085
11/7/2018 0:00,0.020987079,-0.008187024,2813.889893,19.70660019
11/8/2018 0:00,-0.002512069,0.007774147,2806.830078,19.86039925
11/9/2018 0:00,-0.009241586,0.015185998,2781.01001,20.16430092
11/12/2018 0:00,-0.019898151,-0.003139174,2726.219971,20.10110092
11/13/2018 0:00,-0.001483019,0.012444864,2722.179932,20.35281944
11/14/2018 0:00,-0.007596189,0.005032328,2701.580078,20.45549965
11/15/2018 0:00,0.010538033,-0.003270928,2730.199951,20.38870049
11/16/2018 0:00,0.002220838,-0.006994482,2736.27002,20.24658966
11/19/2018 0:00,-0.016783161,-0.005283435,2690.72998,20.13990021
11/20/2018 0:00,-0.018317996,0.011257241,2641.889893,20.36790085
11/21/2018 0:00,0.003038669,-2.46E-05,2649.929932,20.36739922
11/23/2018 0:00,-0.00657642,-0.003733461,2632.560059,20.29150009
11/26/2018 0:00,0.015412976,0.005538659,2673.449951,20.4041996
11/27/2018 0:00,0.003256384,0.009244481,2682.169922,20.59370041
11/28/2018 0:00,0.022714051,-0.006738294,2743.790039,20.45540047
11/29/2018 0:00,-0.002185495,-0.008927401,2737.800049,20.27359962
11/30/2018 0:00,0.008137548,-0.002409949,2760.169922,20.22480011
12/3/2018 0:00,0.010882002,-0.003174422,2790.370117,20.16069984
12/4/2018 0:00,-0.032900229,0.008566597,2700.060059,20.33415031
12/6/2018 0:00,-0.001523388,0.008523037,2695.949951,20.50819969
12/7/2018 0:00,-0.023596335,-0.008550146,2633.080078,20.33359909
12/10/2018 0:00,0.001760603,-0.002925482,2637.719971,20.27420044
12/11/2018 0:00,-0.00035641,0.002015274,2636.780029,20.31509972
12/12/2018 0:00,0.005404871,-0.006706151,2651.070068,20.17931938
12/13/2018 0:00,-0.00019995,-0.006334332,2650.540039,20.05190086
12/14/2018 0:00,-0.019271212,0.010951166,2599.949951,20.27269936
12/17/2018 0:00,-0.020992285,-0.006562245,2545.939941,20.14010048
12/18/2018 0:00,8.64E-05,-0.003501649,2546.159912,20.06970024
12/19/2018 0:00,-0.015515459,-0.000670896,2506.959961,20.05624008
12/20/2018 0:00,-0.015897809,0.001442862,2467.419922,20.08519936
12/21/2018 0:00,-0.02080312,-0.010865211,2416.620117,19.86815071
12/24/2018 0:00,-0.027486573,0.002644956,2351.100098,19.92077065
12/26/2018 0:00,0.048403178,0.001853565,2467.699951,19.95772934
12/27/2018 0:00,0.008526229,-0.003233557,2488.830078,19.8932991
12/28/2018 0:00,-0.001242354,-0.010658124,2485.73999,19.68239975
12/31/2018 0:00,0.008456626,-0.001883111,2506.850098,19.64537048
1/2/2019 0:00,0.001267693,-0.000869324,2510.030029,19.62829971
1/3/2019 0:00,-0.025068332,-0.001050024,2447.889893,19.60770035
1/4/2019 0:00,0.033759399,-0.000163242,2531.939941,19.60449982
1/7/2019 0:00,0.006985976,-0.011419441,2549.689941,19.38190079
1/8/2019 0:00,0.009648587,-0.000891981,2574.409912,19.36462021
1/9/2019 0:00,0.004089671,-0.001898056,2584.959961,19.32789993
1/10/2019 0:00,0.004508241,-0.006332111,2596.639893,19.20590019
1/11/2019 0:00,-0.000146309,-0.003920511,2596.26001,19.13075066
1/14/2019 0:00,-0.005271395,0.00042593,2582.610107,19.13890076
1/15/2019 0:00,0.010664619,-0.008674393,2610.300049,18.97360039
1/16/2019 0:00,0.002219521,-0.00010968,2616.100098,18.97151947
1/17/2019 0:00,0.007562731,-0.004777473,2635.959961,18.8810997
1/18/2019 0:00,0.013096913,0.006035411,2670.709961,18.99539948
1/22/2019 0:00,-0.014258477,0.007959655,2632.899902,19.14719963
1/23/2019 0:00,0.00220049,0.000271514,2638.699951,19.15239906
1/24/2019 0:00,0.00137478,-0.006805544,2642.330078,19.02249908
1/25/2019 0:00,0.008452868,-0.00048371,2664.76001,19.01329994
1/28/2019 0:00,-0.007877776,-0.001286785,2643.850098,18.98884964
1/29/2019 0:00,-0.001457308,0.002561397,2640,19.03754997
1/30/2019 0:00,0.01542961,0.002796363,2681.050049,19.09086037
1/31/2019 0:00,0.008560649,0.000755027,2704.100098,19.10527992
2/1/2019 0:00,0.000898207,-0.000637741,2706.530029,19.09309959
2/4/2019 0:00,0.006753381,-0.000319523,2724.870117,19.08699989
2/5/2019 0:00,0.00469737,0.000424309,2737.699951,19.0951004
2/6/2019 0:00,-0.002226916,-0.003709376,2731.610107,19.02440071
2/7/2019 0:00,-0.009401193,0.004447466,2706.050049,19.10919952
2/8/2019 0:00,0.000675973,-0.00183425,2707.879883,19.0741806
2/11/2019 0:00,0.000708852,-9.49E-05,2709.800049,19.07237053
2/12/2019 0:00,0.012807853,0.011263194,2744.72998,19.28840065
2/13/2019 0:00,0.003019432,-0.002372115,2753.030029,19.24270058
2/14/2019 0:00,-0.002655163,0.008852319,2745.72998,19.41379929
2/15/2019 0:00,0.010820005,-0.008033719,2775.600098,19.25845909
2/19/2019 0:00,0.001497621,-0.00079263,2779.76001,19.2432003
2/20/2019 0:00,0.001775534,-0.005319915,2784.699951,19.14109993
2/21/2019 0:00,-0.003532669,0.004018342,2774.879883,19.21817017
2/22/2019 0:00,0.006390639,0.002911243,2792.669922,19.27420044
2/25/2019 0:00,0.001231104,-0.007582883,2796.110107,19.12859917
2/26/2019 0:00,-0.00079077,-0.000397331,2793.899902,19.12100029
2/27/2019 0:00,-0.000544197,0.00334207,2792.379883,19.18501091
2/28/2019 0:00,-0.002829508,-0.001070218,2784.48999,19.16448975
3/1/2019 0:00,0.006871657,0.005111464,2803.689941,19.26269913
3/4/2019 0:00,-0.003888107,0.000129804,2792.810059,19.26519966
3/5/2019 0:00,-0.001132173,0.001463804,2789.649902,19.29342079
3/6/2019 0:00,-0.006545474,-0.001868717,2771.449951,19.25740051
3/7/2019 0:00,-0.008158911,0.004755609,2748.929932,19.3491993
3/8/2019 0:00,-0.002133964,0.010467421,2743.070068,19.55279922
3/11/2019 0:00,0.014559536,-0.0035659,2783.300049,19.48320007
3/12/2019 0:00,0.002948966,-0.004729611,2791.52002,19.39126968
3/13/2019 0:00,0.006925547,-0.003143938,2810.919922,19.33040047
3/14/2019 0:00,-0.000868399,-0.002089565,2808.47998,19.29005051
3/15/2019 0:00,0.004972519,0.00044307,2822.47998,19.29859924
3/18/2019 0:00,0.003699097,-0.004945186,2832.939941,19.20339966
3/19/2019 0:00,-0.00013057,-0.007685411,2832.570068,19.05637932
3/20/2019 0:00,-0.002948697,-0.003252496,2824.22998,18.99449921
3/21/2019 0:00,0.010794015,-0.010345756,2854.879883,18.79899979
3/22/2019 0:00,-0.019156827,0.002709269,2800.709961,18.85000038
3/25/2019 0:00,-0.000839373,0.014046729,2798.360107,19.11664963
3/26/2019 0:00,0.007157053,-0.005299958,2818.459961,19.0156002
3/27/2019 0:00,-0.004655143,0.003805421,2805.370117,19.08810043
3/28/2019 0:00,0.003583055,0.01434278,2815.439941,19.36384964
3/29/2019 0:00,0.006711706,-0.000958376,2834.399902,19.34530067
4/1/2019 0:00,0.011502196,-0.000822324,2867.189941,19.32939911
4/2/2019 0:00,1.75E-05,-0.008838977,2867.23999,19.15929985
4/3/2019 0:00,0.002146072,0.002960276,2873.399902,19.21610069
4/4/2019 0:00,0.002082465,8.17E-05,2879.389893,19.21767044
4/5/2019 0:00,0.004625718,-0.003694639,2892.73999,19.14679909
4/8/2019 0:00,0.001046912,-0.004475436,2895.77002,19.06130028
4/9/2019 0:00,-0.006085976,-0.004068861,2878.199951,18.98390007
4/10/2019 0:00,0.003471838,-0.003698369,2888.209961,18.91382027
4/11/2019 0:00,3.81E-05,-0.005695633,2888.320068,18.8064003
4/12/2019 0:00,0.006587578,0.000558162,2907.409912,18.81690025
4/15/2019 0:00,-0.000629567,-0.003157489,2905.580078,18.7575798
4/16/2019 0:00,0.000509228,0.005408267,2907.060059,18.85930061
4/17/2019 0:00,-0.002276401,0.000344611,2900.449951,18.86580086
4/18/2019 0:00,0.001577847,-0.003387555,2905.030029,18.80200005
4/22/2019 0:00,0.001011506,-0.001825932,2907.969971,18.7677002
4/23/2019 0:00,0.008802351,0.003106855,2933.679932,18.8260994
4/24/2019 0:00,-0.002194169,0.00409765,2927.25,18.90340042
4/25/2019 0:00,-0.000369042,0.008685461,2926.169922,19.06830025
4/26/2019 0:00,0.00467435,-0.002395317,2939.879883,19.02268028
4/29/2019 0:00,0.001070949,-0.004957944,2943.030029,18.92860031
4/30/2019 0:00,0.000950965,0.003680729,2945.830078,18.99839973
5/1/2019 0:00,-0.007530446,-0.003176324,2923.72998,18.93815041
5/2/2019 0:00,-0.002126245,0.002349629,2917.52002,18.98270035
5/3/2019 0:00,0.009592127,0.006851099,2945.639893,19.11319923
5/6/2019 0:00,-0.004481013,-0.00289747,2932.469971,19.05789948
5/7/2019 0:00,-0.016649488,-0.003432284,2884.050049,18.99259949
5/8/2019 0:00,-0.001606715,0.002489469,2879.419922,19.03993988
5/9/2019 0:00,-0.003025999,0.001614238,2870.719971,19.07069969
5/10/2019 0:00,0.003713394,0.008085411,2881.399902,19.22551918
5/13/2019 0:00,-0.024426469,-0.00535195,2811.870117,19.12290001
5/14/2019 0:00,0.007983988,0.004372574,2834.409912,19.20669937
5/15/2019 0:00,0.005821994,-0.003301125,2850.959961,19.14340019
5/16/2019 0:00,0.008855957,-0.00432412,2876.320068,19.06080055
5/17/2019 0:00,-0.005854437,0.002012513,2859.530029,19.0991993
5/20/2019 0:00,-0.006772258,0.001642734,2840.22998,19.13059998
5/21/2019 0:00,0.008459949,-0.004416242,2864.360107,19.04630089
5/23/2019 0:00,-0.014814085,-0.003339622,2822.23999,18.98279953
5/24/2019 0:00,0.001352644,0.002525431,2826.060059,19.03079987
5/28/2019 0:00,-0.00841095,0.001165831,2802.389893,19.0529995
5/29/2019 0:00,-0.00693591,0.006810894,2783.02002,19.18321037
5/30/2019 0:00,0.002096273,-0.002491187,2788.860107,19.13548088
5/31/2019 0:00,-0.013283205,0.020153478,2752.060059,19.52503967
6/3/2019 0:00,-0.002769071,0.00458663,2744.449951,19.6147995
6/4/2019 0:00,0.021205927,0.009564758,2803.27002,19.80331039
6/5/2019 0:00,0.008128727,-0.012012274,2826.149902,19.56685066
6/6/2019 0:00,0.006116841,0.009278212,2843.48999,19.74924088
6/7/2019 0:00,0.010442979,-0.003802846,2873.340088,19.67428017
6/10/2019 0:00,0.00464922,-0.020290578,2886.72998,19.27910042
6/11/2019 0:00,-0.000349941,-0.003880171,2885.719971,19.20443916
6/12/2019 0:00,-0.002039658,-0.005133799,2879.840088,19.10610008
6/13/2019 0:00,0.004089011,0.002806652,2891.639893,19.15979958
6/14/2019 0:00,-0.001612812,0.001111151,2886.97998,19.18110085
6/17/2019 0:00,0.000931315,-0.002594543,2889.669922,19.13139915
6/18/2019 0:00,0.00967049,0.001817424,2917.75,19.16620064
6/19/2019 0:00,0.002980717,-0.002264866,2926.459961,19.12284088
6/20/2019 0:00,0.009427605,-0.006055074,2954.179932,19.00740051
6/21/2019 0:00,-0.001260016,-0.000973847,2950.459961,18.98889923
6/24/2019 0:00,-0.001733388,0.005785064,2945.350098,19.0990696
6/25/2019 0:00,-0.009541776,0.005005024,2917.379883,19.19490051
6/26/2019 0:00,-0.001234696,0.001202716,2913.780029,19.21800041
6/27/2019 0:00,0.003815886,-0.004239421,2924.919922,19.13669968
6/28/2019 0:00,0.005740942,0.001887257,2941.76001,19.17284966
7/1/2019 0:00,0.007643019,-0.001871609,2964.330078,19.13699913
7/2/2019 0:00,0.002923847,-0.001940526,2973.01001,19.09989929
7/3/2019 0:00,0.007643096,-0.002930938,2995.820068,19.04400063
7/5/2019 0:00,-0.001807534,-0.002111087,2990.409912,19.00383949
7/8/2019 0:00,-0.004847173,-0.000470528,2975.949951,18.99489975
7/9/2019 0:00,0.001235793,-0.003248735,2979.629883,18.93329048
7/10/2019 0:00,0.004500547,0.011926982,2993.070068,19.16045952
7/11/2019 0:00,0.00228262,-0.001669387,2999.909912,19.12849998
7/12/2019 0:00,0.004609534,-0.003205101,3013.77002,19.06728935
7/15/2019 0:00,0.000175854,-0.004188618,3014.300049,18.98759079
7/16/2019 0:00,-0.003409585,-0.001137768,3004.040039,18.9659996
7/17/2019 0:00,-0.006552665,0.006495782,2984.419922,19.08959961
7/18/2019 0:00,0.003575598,-0.001661977,2995.110107,19.05789948
7/19/2019 0:00,-0.006195889,-0.005324288,2976.610107,18.95669937
7/22/2019 0:00,0.002824702,0.002944516,2985.030029,19.01259995
7/23/2019 0:00,0.006824145,0.001398088,3005.469971,19.03919983
7/24/2019 0:00,0.004677193,0.006763077,3019.560059,19.16839981
7/25/2019 0:00,-0.005276296,-0.005755173,3003.669922,19.0583992
7/26/2019 0:00,0.007360536,-0.001690965,3025.860107,19.02619934
7/29/2019 0:00,-0.001617422,0.000250189,3020.969971,19.03096008
7/30/2019 0:00,-0.002581985,0.000826702,3013.179932,19.04669952
7/31/2019 0:00,-0.010945207,0.000456737,2980.379883,19.05540085
8/1/2019 0:00,-0.009039528,0.004246905,2953.560059,19.1364994
8/2/2019 0:00,-0.007309389,0.003849142,2932.050049,19.21030045
8/5/2019 0:00,-0.030230182,0.006647712,2844.73999,19.3384304
8/6/2019 0:00,0.012933024,0.017523794,2881.77002,19.68029976
8/7/2019 0:00,0.000766582,-0.004299341,2883.97998,19.59586906
8/8/2019 0:00,0.018588462,0.001857358,2938.090088,19.63229942
8/9/2019 0:00,-0.006638593,-0.010478807,2918.649902,19.42765045
8/12/2019 0:00,-0.012393809,-0.000105546,2882.699951,19.42560005
8/13/2019 0:00,0.015018346,0.008146618,2926.320068,19.58449936
8/14/2019 0:00,-0.029730352,-0.010561799,2840.600098,19.37874031
8/15/2019 0:00,0.002461237,0.014137818,2847.600098,19.65465927
8/16/2019 0:00,0.014323058,-0.002856268,2888.679932,19.59860039
8/19/2019 0:00,0.012033176,0.001208479,2923.649902,19.62229919
8/20/2019 0:00,-0.007946215,0.012700439,2900.51001,19.87310028
8/21/2019 0:00,0.00821298,-0.006188279,2924.429932,19.75049973
8/22/2019 0:00,-0.000506203,-0.003987582,2922.949951,19.6718998
8/23/2019 0:00,-0.026288881,0.006475564,2847.110107,19.79969978
8/26/2019 0:00,0.010923113,0.010280434,2878.379883,20.00429916
8/27/2019 0:00,-0.003208322,-0.003425095,2869.159912,19.93589973
8/28/2019 0:00,0.006524152,0.001909361,2887.939941,19.97400093
8/29/2019 0:00,0.012607482,0.008246645,2924.580078,20.13940048
8/30/2019 0:00,0.000642581,-0.000924013,2926.459961,20.12080002
9/3/2019 0:00,-0.006923009,0.000181421,2906.27002,20.12445068
9/4/2019 0:00,0.010783725,-0.008170233,2937.780029,19.96069908
9/5/2019 0:00,0.012925913,-0.013872838,2976,19.68569946
9/6/2019 0:00,0.000910191,0.001015473,2978.709961,19.70569992
9/9/2019 0:00,-9.40E-05,-0.008385964,2978.429932,19.5411396
9/10/2019 0:00,0.000322252,0.000734612,2979.389893,19.55550003
9/11/2019 0:00,0.007203672,-0.003252424,3000.929932,19.49200058
9/12/2019 0:00,0.002875016,0.000379499,3009.570068,19.49939919
9/13/2019 0:00,-0.000724677,-0.003642634,3007.389893,19.42849922
9/16/2019 0:00,-0.003140513,-0.001565902,2997.959961,19.3980999
9/17/2019 0:00,0.002578425,0.001251897,3005.699951,19.42239952
9/18/2019 0:00,0.000342633,-0.003589884,3006.72998,19.35280037
9/19/2019 0:00,2.00E-05,0.002265813,3006.790039,19.39669991
9/20/2019 0:00,-0.004907599,0.001674105,2992.070068,19.42919922
9/23/2019 0:00,-9.69E-05,-0.000530254,2991.780029,19.41889954
9/24/2019 0:00,-0.008451989,0.002936135,2966.600098,19.47599983
9/25/2019 0:00,0.006139685,-0.002071376,2984.870117,19.43569946
9/26/2019 0:00,-0.002431871,0.006732891,2977.620117,19.56699944
9/27/2019 0:00,-0.005330535,0.004590596,2961.790039,19.65703011
9/30/2019 0:00,0.00503491,0.001101766,2976.73999,19.67869949
10/1/2019 0:00,-0.012334127,0.002847752,2940.25,19.73481941
10/2/2019 0:00,-0.018065404,0.003489309,2887.610107,19.80380058
10/3/2019 0:00,0.007940305,-0.001015454,2910.629883,19.78370094
10/4/2019 0:00,0.014116785,-0.006625898,2952.01001,19.65304947
10/7/2019 0:00,-0.004488352,-0.00675197,2938.790039,19.52079964
10/8/2019 0:00,-0.01568316,0.002563222,2893.060059,19.57089996
10/9/2019 0:00,0.009063297,0.002770701,2919.399902,19.62520027
10/10/2019 0:00,0.006395202,-0.002055612,2938.129883,19.5848999
10/11/2019 0:00,0.01087958,-0.007698727,2970.27002,19.43470001
10/14/2019 0:00,-0.001388082,-0.006535445,2966.149902,19.30809975
10/15/2019 0:00,0.009906445,-0.002008931,2995.679932,19.26935005
10/16/2019 0:00,-0.002001545,-0.002010396,2989.689941,19.23064995
10/17/2019 0:00,0.002759022,-0.001860712,2997.949951,19.19490051
10/18/2019 0:00,-0.003927046,-0.000787002,2986.199951,19.17980003
10/21/2019 0:00,0.006848114,-0.003243006,3006.719971,19.11770058
10/22/2019 0:00,-0.003575049,0.00021438,2995.98999,19.12179947
10/23/2019 0:00,0.002843103,0.00098741,3004.52002,19.14068985
10/24/2019 0:00,0.001918605,-0.002044293,3010.290039,19.10160065
10/25/2019 0:00,0.00406443,0.000852978,3022.550049,19.11790085
10/28/2019 0:00,0.00556582,-0.004119801,3039.419922,19.03930092
10/29/2019 0:00,-0.000832752,0.003716958,3036.889893,19.11020088
10/30/2019 0:00,0.003248089,-0.00015701,3046.77002,19.10720062
10/31/2019 0:00,-0.003027439,-0.000747658,3037.560059,19.0929203
11/1/2019 0:00,0.009615931,0.007611474,3066.909912,19.23880005
11/4/2019 0:00,0.003697246,-0.008026438,3078.27002,19.08499908
11/5/2019 0:00,-0.001186403,0.004334371,3074.620117,19.16790009
11/6/2019 0:00,0.000702251,0.000985533,3076.780029,19.1868
11/7/2019 0:00,0.002726375,-0.001883294,3085.179932,19.15069962
11/8/2019 0:00,0.002557403,-0.001520704,3093.080078,19.1215992
11/11/2019 0:00,-0.001964395,-0.000632904,3087.01001,19.10950089
11/12/2019 0:00,0.001563423,0.000104597,3091.840088,19.11149979
11/13/2019 0:00,0.000711282,0.009747516,3094.040039,19.29870033
11/14/2019 0:00,0.000836693,0.003440875,3096.629883,19.36521912
11/15/2019 0:00,0.007666029,-0.002715703,3120.459961,19.31270027
11/18/2019 0:00,0.000503026,-0.005915193,3122.030029,19.19879913
11/19/2019 0:00,-0.00059277,0.00614765,3120.179932,19.31719017
11/20/2019 0:00,-0.003763256,0.002138262,3108.459961,19.35853958
11/21/2019 0:00,-0.001584006,0.00572576,3103.540039,19.46969986
11/22/2019 0:00,0.002172574,-0.004264384,3110.290039,19.38685036
11/25/2019 0:00,0.007479252,-0.002161067,3133.639893,19.34499931
11/26/2019 0:00,0.002193164,0.005163748,3140.52002,19.44515038
11/27/2019 0:00,0.004165736,0.003191024,3153.629883,19.50729942
11/29/2019 0:00,-0.004019286,-0.00081285,3140.97998,19.49144936
12/2/2019 0:00,-0.008668484,0.002280468,3113.870117,19.53594971
12/3/2019 0:00,-0.006660225,0.001945782,3093.199951,19.5739994
12/4/2019 0:00,0.006303658,-0.001252439,3112.76001,19.54949951
12/5/2019 0:00,0.001499127,-0.006074767,3117.429932,19.43110085
12/6/2019 0:00,0.009094246,-0.003510845,3145.909912,19.36300087
12/9/2019 0:00,-0.003167834,-0.005606326,3135.959961,19.2547493
12/10/2019 0:00,-0.001097536,-0.001286211,3132.52002,19.22999954
12/11/2019 0:00,0.002903938,0.001034373,3141.629883,19.24990082
12/12/2019 0:00,0.008538667,-0.00774955,3168.570068,19.10129929
12/13/2019 0:00,7.26E-05,-0.006265178,3168.800049,18.98200035
12/16/2019 0:00,0.007122361,0.002746216,3191.449951,19.03420067
12/17/2019 0:00,0.000335236,-0.005162509,3192.52002,18.93618965
12/18/2019 0:00,-0.000432394,-0.000984871,3191.139893,18.91754913
12/19/2019 0:00,0.004449379,0.003058662,3205.370117,18.97550011
12/20/2019 0:00,0.004932596,-0.003510659,3221.219971,18.9090004
12/23/2019 0:00,0.000865769,0.001706673,3224.01001,18.94129944
12/24/2019 0:00,-0.000195467,-0.000359052,3223.379883,18.93449974
12/26/2019 0:00,0.005115062,0.000929142,3239.909912,18.95210075
12/27/2019 0:00,3.40E-05,-0.001246101,3240.02002,18.92849922
12/30/2019 0:00,-0.005797596,-0.005328873,3221.290039,18.82789993
12/31/2019 0:00,0.002941691,0.004758173,3230.780029,18.91769981
1/2/2020 0:00,0.008343895,-0.000999559,3257.850098,18.8987999
1/3/2020 0:00,-0.007084909,-0.003631181,3234.850098,18.83029938
1/6/2020 0:00,0.003527145,0.006060101,3246.280029,18.94475937
1/7/2020 0:00,-0.002807175,-0.005468127,3237.179932,18.84144974
1/8/2020 0:00,0.004890473,0.006493726,3253.050049,18.96419907
1/9/2020 0:00,0.006633214,-0.007951712,3274.699951,18.81399918
1/10/2020 0:00,-0.002859262,0.001105031,3265.350098,18.83480072
1/13/2020 0:00,0.006951994,-0.001975954,3288.129883,18.79762077
1/14/2020 0:00,-0.001515681,-0.000400167,3283.149902,18.7901001
1/15/2020 0:00,0.00186845,0.000196906,3289.290039,18.79380035
1/16/2020 0:00,0.008331747,-0.000590836,3316.810059,18.78269958
1/17/2020 0:00,0.003854723,-0.00104934,3329.620117,18.76300049
1/21/2020 0:00,-0.0026555,-0.00584236,3320.790039,18.65369987
1/22/2020 0:00,0.000289034,0.005650418,3321.75,18.75939941
1/23/2020 0:00,0.001140326,-0.003149435,3325.540039,18.70041084
1/24/2020 0:00,-0.009083289,0.002605635,3295.469971,18.74920082
1/27/2020 0:00,-0.015855752,0.006024655,3243.629883,18.86249924
1/28/2020 0:00,0.010003384,0.001562779,3276.23999,18.8920002
1/29/2020 0:00,-0.00086725,-0.008929741,3273.399902,18.72405052
1/30/2020 0:00,0.003129457,-0.00225368,3283.659912,18.68190002
1/31/2020 0:00,-0.017864444,0.005279922,3225.52002,18.78079987
2/3/2020 0:00,0.007228426,0.004547991,3248.919922,18.8664093
2/4/2020 0:00,0.014869316,-0.002760536,3297.590088,18.81439972
2/5/2020 0:00,0.011187779,-0.007635499,3334.689941,18.67128944
2/6/2020 0:00,0.003320155,-0.00449229,3345.780029,18.58760071
2/7/2020 0:00,-0.005415491,0.002798981,3327.709961,18.63969994
2/10/2020 0:00,0.00729969,0.008576408,3352.090088,18.8002491
2/11/2020 0:00,0.001687049,-0.005202239,3357.75,18.70269966
2/12/2020 0:00,0.006441853,-0.00325077,3379.449951,18.6420002
2/13/2020 0:00,-0.001631776,-8.58E-05,3373.939941,18.64039993
2/14/2020 0:00,0.001841836,-0.002433138,3380.159912,18.5951004
2/18/2020 0:00,-0.002924214,-0.002428379,3370.290039,18.54999924
2/19/2020 0:00,0.004694748,0.002097527,3386.149902,18.5889492
2/20/2020 0:00,-0.003822817,-0.002092078,3373.22998,18.55010033
2/21/2020 0:00,-0.010573809,0.015899811,3337.75,18.84740067
2/24/2020 0:00,-0.034088079,0.008469652,3225.889893,19.0077095
2/25/2020 0:00,-0.030747904,0.001518788,3128.209961,19.03660011
2/26/2020 0:00,-0.003785697,0.001228422,3116.389893,19.05999947
2/27/2020 0:00,-0.045168136,0.011819679,2978.76001,19.28661919
2/28/2020 0:00,-0.008272463,0.008896552,2954.219971,19.45896912
3/2/2020 0:00,0.045010869,0.01853978,3090.22998,19.82309914
3/3/2020 0:00,-0.028510485,-0.021317081,3003.370117,19.40500069
3/4/2020 0:00,0.041336349,0.001369836,3130.120117,19.43160057
3/5/2020 0:00,-0.034510782,0.004395516,3023.939941,19.51720047
3/6/2020 0:00,-0.017200944,0.015117882,2972.370117,19.81450081
3/9/2020 0:00,-0.079010413,0.060842797,2746.560059,21.05750084
3/10/2020 0:00,0.048215052,-0.011716077,2882.22998,20.81222916
3/11/2020 0:00,-0.050102893,-0.001097508,2741.379883,20.7894001
3/12/2020 0:00,-0.099944852,0.029723042,2480.639893,21.41659927
3/13/2020 0:00,0.088808407,0.025384113,2711.02002,21.96719933
3/16/2020 0:00,-0.127652197,-0.007245513,2386.129883,21.80861092
3/17/2020 0:00,0.058226313,0.035688836,2529.189941,22.6009903
3/18/2020 0:00,-0.053222272,0.015785975,2398.100098,22.9605999
3/19/2020 0:00,0.004696761,0.029571544,2409.389893,23.64971924
3/20/2020 0:00,-0.044327624,0.016607881,2304.919922,24.04577065
3/23/2020 0:00,-0.029731501,0.028713226,2237.399902,24.7462101
3/24/2020 0:00,0.089683233,0.023561881,2447.330078,25.33620071
3/25/2020 0:00,0.01146899,-0.022653486,2475.560059,24.76869965
3/26/2020 0:00,0.060543831,-0.03118945,2630.070068,24.00810051
3/27/2020 0:00,-0.034267846,-0.032641129,2541.469971,23.2371006
3/30/2020 0:00,0.032966591,0.015267736,2626.649902,23.59460068
3/31/2020 0:00,-0.016142311,0.010053282,2584.590088,23.83300018
4/1/2020 0:00,-0.045146363,-0.003446571,2470.5,23.75099945
4/2/2020 0:00,0.022572657,0.019369567,2526.899902,24.2155304
4/3/2020 0:00,-0.015252861,0.000816071,2488.649902,24.23530006
4/6/2020 0:00,0.067968244,0.041491005,2663.679932,25.26199913
4/7/2020 0:00,-0.001604339,-0.028899007,2659.409912,24.54240036
4/8/2020 0:00,0.033489371,-0.009449049,2749.97998,24.31159019
4/9/2020 0:00,0.01438347,-0.013545374,2789.820068,23.98450089
4/13/2020 0:00,-0.010156059,-0.02267379,2761.629883,23.44680023
4/14/2020 0:00,0.03011456,0.005885334,2846.060059,23.58519936
4/15/2020 0:00,-0.022276733,-0.00950862,2783.360107,23.36199951
4/16/2020 0:00,0.005799838,0.036860432,2799.550049,24.23920059
4/17/2020 0:00,0.026440932,-0.019959249,2874.560059,23.7602005
4/20/2020 0:00,-0.018042846,0.011151676,2823.159912,24.02664948
4/21/2020 0:00,-0.031155115,-0.000663241,2736.560059,24.0107193
4/22/2020 0:00,0.022671301,0.014795085,2799.310059,24.36860085
4/23/2020 0:00,-0.000539568,0.004532391,2797.800049,24.47929955
4/24/2020 0:00,0.013822091,0.011666111,2836.73999,24.76655006
4/27/2020 0:00,0.014606868,0.0088137,2878.47998,24.98579979
4/28/2020 0:00,-0.00525617,-0.009494265,2863.389893,24.74970055
4/29/2020 0:00,0.026236704,-0.01901217,2939.51001,24.28359985
4/30/2020 0:00,-0.009255143,-0.022555563,2912.429932,23.74200058
5/1/2020 0:00,-0.028460211,0.019697718,2830.709961,24.21430016
5/4/2020 0:00,0.004240823,0.025290031,2842.73999,24.83448982
5/5/2020 0:00,0.008999935,-0.030428269,2868.439941,24.09020042
5/6/2020 0:00,-0.00700388,-0.004856112,2848.419922,23.9734993
5/7/2020 0:00,0.011438956,0.018760513,2881.189941,24.42749977
5/8/2020 0:00,0.016730795,-0.016736946,2929.800049,24.02206039
5/11/2020 0:00,0.000133069,-0.01666292,2930.189941,23.62509918
5/12/2020 0:00,-0.020713366,0.012409008,2870.120117,23.92008972
5/13/2020 0:00,-0.017616997,0.018358374,2820,24.36327934
5/14/2020 0:00,0.011458918,-0.007315527,2852.5,24.18569946
5/15/2020 0:00,0.003918675,-0.013922834,2863.699951,23.85129929
5/18/2020 0:00,0.031015209,0.003461748,2953.909912,23.93400955
5/19/2020 0:00,-0.010539748,-0.008505574,2922.939941,23.73130035
5/20/2020 0:00,0.016513991,-0.002782513,2971.610107,23.6653595
5/21/2020 0:00,-0.007803968,-0.020054085,2948.51001,23.19549942
5/22/2020 0:00,0.002350946,-0.014124385,2955.449951,22.87018013
5/26/2020 0:00,0.012214285,-0.014298404,2991.77002,22.5454998
5/27/2020 0:00,0.014718447,-0.014902802,3036.129883,22.21199989
5/28/2020 0:00,-0.002110139,0.004464201,3029.72998,22.31138039
5/29/2020 0:00,0.004800794,-0.005054131,3044.310059,22.19890022
6/1/2020 0:00,0.003744216,-0.000748049,3055.72998,22.18230057
6/2/2020 0:00,0.008177307,-0.006326812,3080.820068,22.04240036
6/3/2020 0:00,0.013556671,-0.014559424,3122.870117,21.72380066
6/4/2020 0:00,-0.003374389,-0.000138119,3112.350098,21.7208004
6/5/2020 0:00,0.025874013,0.008329489,3193.929932,21.90247917
6/8/2020 0:00,0.011969656,-0.019715056,3232.389893,21.47489929
6/9/2020 0:00,-0.007829743,-8.85E-05,3207.179932,21.47299957
6/10/2020 0:00,-0.005327256,0.019116196,3190.139893,21.88743019
6/11/2020 0:00,-0.060752693,0.004083043,3002.100098,21.97698021
6/12/2020 0:00,0.012976287,0.039159485,3041.310059,22.85466003
6/15/2020 0:00,0.008277861,-0.016149162,3066.590088,22.48854065
6/16/2020 0:00,0.018784853,-0.014921892,3124.73999,22.15546036
6/17/2020 0:00,-0.003606796,0.005121488,3113.48999,22.26922035
6/18/2020 0:00,0.000594043,0.003235994,3115.340088,22.34140015
6/19/2020 0:00,-0.005665514,0.014883236,3097.73999,22.67639923
6/22/2020 0:00,0.006474093,-0.001540176,3117.860107,22.64150047
6/23/2020 0:00,0.004298169,-0.010763776,3131.290039,22.39909935
6/24/2020 0:00,-0.026195266,-0.000444256,3050.330078,22.38915062
6/25/2020 0:00,0.010899828,0.017757608,3083.76001,22.79027939
6/26/2020 0:00,-0.024525204,-0.004877101,3009.050049,22.67939949
6/29/2020 0:00,0.014578888,0.016412689,3053.23999,23.05470085
6/30/2020 0:00,0.015292349,8.11E-05,3100.290039,23.05657005
7/1/2020 0:00,0.005009564,-0.002260939,3115.860107,23.00449944
7/2/2020 0:00,0.00453097,-0.012814046,3130.01001,22.71159935
7/6/2020 0:00,0.015756931,-0.014464568,3179.719971,22.38545036
7/7/2020 0:00,-0.010877478,-0.003331343,3145.320068,22.31100082
7/8/2020 0:00,0.007796986,0.021360434,3169.939941,22.79269981
7/9/2020 0:00,-0.005659591,-0.005318413,3152.050049,22.67180061
7/10/2020 0:00,0.01041181,-0.00305694,3185.040039,22.6026001
7/13/2020 0:00,-0.009406645,-0.00506535,3155.219971,22.48839951
7/14/2020 0:00,0.013317301,0.009796982,3197.52002,22.70980072
7/15/2020 0:00,0.009041057,-0.013914214,3226.560059,22.39599991
7/16/2020 0:00,-0.003411915,-0.003479916,3215.570068,22.31819916
7/17/2020 0:00,0.002844563,0.00417981,3224.72998,22.41168022
7/20/2020 0:00,0.008371797,0.003598316,3251.840088,22.49246979
7/21/2020 0:00,0.001677629,-0.000174702,3257.300049,22.48854065
7/22/2020 0:00,0.005730631,-0.008562677,3276.02002,22.29680061
7/23/2020 0:00,-0.012396378,0.003285204,3235.659912,22.37017059
7/24/2020 0:00,-0.00620964,0.00481759,3215.629883,22.47820091
7/27/2020 0:00,0.007367929,-0.008533427,3239.409912,22.28720093
7/28/2020 0:00,-0.006494435,-0.015878882,3218.439941,21.93610001
7/29/2020 0:00,0.012351783,-0.000123129,3258.439941,21.9333992
7/30/2020 0:00,-0.003757302,0.001781112,3246.219971,21.97249985
7/31/2020 0:00,0.007641236,0.001041652,3271.120117,21.99539948
8/3/2020 0:00,0.007155363,0.011984944,3294.610107,22.26059914
8/4/2020 0:00,0.003605423,0.016268167,3306.51001,22.6257
8/5/2020 0:00,0.00640916,0.000119362,3327.77002,22.6284008
8/6/2020 0:00,0.006407126,-0.011411738,3349.159912,22.37163925
8/7/2020 0:00,0.000632829,0.001394095,3351.280029,22.4028492
8/10/2020 0:00,0.002738465,7.90E-05,3360.469971,22.40461922
8/11/2020 0:00,-0.008001055,0.002339666,3333.689941,22.45709991
8/12/2020 0:00,0.013899502,-0.002037068,3380.350098,22.41139984
8/13/2020 0:00,-0.002049273,-0.003150653,3373.429932,22.34090042
8/14/2020 0:00,-0.000171897,-0.008405538,3372.850098,22.15390015
8/17/2020 0:00,0.002706178,-0.009998398,3381.98999,21.93350029
8/18/2020 0:00,0.00230074,0.00947015,3389.780029,22.14220047
8/19/2020 0:00,-0.004414123,-0.000492416,3374.850098,22.13129997
8/20/2020 0:00,0.003153655,0.001963137,3385.51001,22.17478943
8/21/2020 0:00,0.0034352,-0.003907944,3397.159912,22.0883007
8/24/2020 0:00,0.009993615,-0.00584054,3431.280029,21.95966911
8/25/2020 0:00,0.0035899,0.000606859,3443.620117,21.97299957
8/26/2020 0:00,0.010144001,-0.00356985,3478.72998,21.8946991
8/27/2020 0:00,0.001671646,0.001650679,3484.550049,21.93087006
8/28/2020 0:00,0.006710003,0.009169964,3508.01001,22.13290024
8/31/2020 0:00,-0.002197375,-0.017456003,3500.310059,21.74990082
9/1/2020 0:00,0.007496831,0.007450333,3526.649902,21.91254997
9/2/2020 0:00,0.01524905,-0.007661875,3580.840088,21.74530029
9/3/2020 0:00,-0.035757594,-0.000846527,3455.060059,21.7269001
9/4/2020 0:00,-0.008166281,-0.00129878,3426.959961,21.69869995
9/8/2020 0:00,-0.028148829,-0.004827582,3331.840088,21.59420013
9/9/2020 0:00,0.019944761,0.012801687,3398.959961,21.87241936
9/10/2020 0:00,-0.017741246,-0.022443233,3339.189941,21.38699913
9/11/2020 0:00,0.00053293,0.002318822,3340.969971,21.43664932
9/14/2020 0:00,0.012661335,-0.00792196,3383.540039,21.26749992
9/15/2020 0:00,0.005205786,-0.009576669,3401.199951,21.06480026
9/16/2020 0:00,-0.004629647,0.003658179,3385.48999,21.1420002
9/17/2020 0:00,-0.00844795,-0.007732014,3357.01001,20.97916031
9/18/2020 0:00,-0.011245577,-0.004129754,3319.469971,20.8927002
9/21/2020 0:00,-0.011638564,0.010430368,3281.060059,21.11175919
9/22/2020 0:00,0.010463016,0.010979789,3315.570068,21.3448391
9/23/2020 0:00,-0.024007339,0.01532645,3236.919922,21.67449951
9/24/2020 0:00,0.002983006,0.032495861,3246.590088,22.39039993
9/25/2020 0:00,0.015850439,-0.011316866,3298.459961,22.13843918
9/28/2020 0:00,0.015982192,0.007691344,3351.600098,22.30937004
9/29/2020 0:00,-0.004824283,0.001779285,3335.469971,22.34910011
9/30/2020 0:00,0.008219843,0.001091203,3363,22.37350082
10/1/2020 0:00,0.00527895,-0.013132569,3380.800049,22.08160019
10/2/2020 0:00,-0.009623813,-0.010784971,3348.419922,21.84473038
10/5/2020 0:00,0.017813109,-0.011497945,3408.600098,21.59499931
10/6/2020 0:00,-0.014072064,-0.010789584,3360.969971,21.36325073
10/7/2020 0:00,0.017247164,0.01509755,3419.439941,21.68823051
10/8/2020 0:00,0.007978213,-0.011054397,3446.830078,21.44980049
10/9/2020 0:00,0.008755095,-0.004388734,3477.139893,21.35586929
10/12/2020 0:00,0.01628253,-0.009753369,3534.219971,21.14859009
10/13/2020 0:00,-0.006326892,0.002376063,3511.929932,21.19890022
10/14/2020 0:00,-0.006645172,0.006328405,3488.669922,21.33348083
10/15/2020 0:00,-0.001528924,-0.000342753,3483.340088,21.32616997
10/16/2020 0:00,0.00013491,-0.00197466,3483.810059,21.28409958
10/19/2020 0:00,-0.016464664,-0.009218181,3426.919922,21.08880043
10/20/2020 0:00,0.004716195,0.005601018,3443.120117,21.2072506
10/21/2020 0:00,-0.002198114,-0.005420871,3435.560059,21.09259987
10/22/2020 0:00,0.005205354,0.002683085,3453.48999,21.1492691
10/23/2020 0:00,0.003439838,-0.009266208,3465.389893,20.95420074
10/26/2020 0:00,-0.018764473,-0.002473283,3400.969971,20.90243912
10/27/2020 0:00,-0.003030205,0.00293085,3390.679932,20.96379089
10/28/2020 0:00,-0.035925542,0.002644379,3271.030029,21.01930046
10/29/2020 0:00,0.011876525,0.010237911,3310.110107,21.23559952
10/30/2020 0:00,-0.012203713,0.00516664,3269.959961,21.34560013
11/2/2020 0:00,0.012242951,-0.003338799,3310.23999,21.2744503
11/3/2020 0:00,0.017642738,0.004572485,3369.159912,21.37195015
11/4/2020 0:00,0.021807526,-0.015857881,3443.439941,21.03570938
11/5/2020 0:00,0.019273266,-0.004827675,3510.449951,20.93440056
11/6/2020 0:00,-0.000287757,-0.008582456,3509.439941,20.75550079
11/9/2020 0:00,0.011631975,-0.0113937,3550.5,20.52036095
11/10/2020 0:00,-0.001400775,-0.009059296,3545.530029,20.33530045
11/11/2020 0:00,0.007622728,-0.000649366,3572.659912,20.32209969
11/12/2020 0:00,-0.010028652,0.006972964,3537.01001,20.46430016
11/13/2020 0:00,0.013518547,0.006766943,3585.149902,20.6032505
11/16/2020 0:00,0.011580735,-0.012626457,3626.909912,20.34473991
11/17/2020 0:00,-0.004803444,-0.004176335,3609.530029,20.25995064
11/18/2020 0:00,-0.011631211,0.000963944,3567.790039,20.27948952
11/19/2020 0:00,0.003938676,0.00163528,3581.870117,20.31267929
11/20/2020 0:00,-0.006815737,-0.003910565,3557.540039,20.23340034
11/23/2020 0:00,0.005620108,-0.007275845,3577.590088,20.08671951
11/24/2020 0:00,0.016032459,0.000738008,3635.409912,20.10154915
11/25/2020 0:00,-0.001585675,-0.00380941,3629.649902,20.02511978
11/27/2020 0:00,0.002394111,0.000198762,3638.350098,20.02910042
11/30/2020 0:00,-0.004606141,0.000447761,3621.629883,20.03807068
12/1/2020 0:00,0.011208141,0.006145813,3662.449951,20.16160011
12/2/2020 0:00,0.001789565,-0.006611096,3669.01001,20.02874947
12/3/2020 0:00,-0.000624352,-0.001816553,3666.719971,19.99239922
12/4/2020 0:00,0.008797464,-0.00467261,3699.120117,19.89920044
12/7/2020 0:00,-0.001937513,-0.005957664,3691.959961,19.78100014
12/8/2020 0:00,0.002783271,0.005546477,3702.25,19.89101982
12/9/2020 0:00,-0.007980965,-0.00579933,3672.820068,19.77599907
12/10/2020 0:00,-0.001285935,0.005049958,3668.100098,19.87611961
12/11/2020 0:00,-0.001265798,0.005748162,3663.459961,19.99069977
12/14/2020 0:00,-0.004368788,0.004347611,3647.48999,20.07780075
12/15/2020 0:00,0.012838482,0.007464837,3694.620117,20.22823906
12/16/2020 0:00,0.001771226,-0.014939779,3701.169922,19.92827988
12/17/2020 0:00,0.005741143,-0.002866331,3722.47998,19.87124062
12/18/2020 0:00,-0.003517297,-0.002506245,3709.409912,19.82150078
12/21/2020 0:00,-0.003913928,0.013651067,3694.919922,20.09394073
12/22/2020 0:00,-0.002075245,-0.005566383,3687.26001,19.98240089
12/23/2020 0:00,0.000745533,0.006056912,3690.01001,20.10379982
12/24/2020 0:00,0.00353035,-0.002734523,3703.060059,20.0489006
12/28/2020 0:00,0.008684708,-0.008979347,3735.360107,19.8696804
12/29/2020 0:00,-0.002229865,0.006849772,3727.040039,20.00625038
12/30/2020 0:00,0.001340648,-0.00356779,3732.040039,19.93499947
12/31/2020 0:00,0.006418205,-0.002214631,3756.070068,19.89089966
1/4/2021 0:00,-0.014864763,-0.002184277,3700.649902,19.84749985
1/5/2021 0:00,0.007057631,0.004772557,3726.860107,19.94244957
1/6/2021 0:00,0.005693603,-0.002020291,3748.139893,19.9022007
1/7/2021 0:00,0.01473826,-0.012459413,3803.790039,19.65576935
1/8/2021 0:00,0.005476837,0.017366332,3824.679932,20.00009918
1/11/2021 0:00,-0.006576328,0.002516331,3799.610107,20.05048943
1/12/2021 0:00,0.000415702,0.000593894,3801.189941,20.06240082
1/13/2021 0:00,0.002273056,-0.013446883,3809.840088,19.79442978
1/14/2021 0:00,-0.003760513,0.002115513,3795.540039,19.83634949
1/15/2021 0:00,-0.007216001,-0.005712848,3768.25,19.72335052
1/19/2021 0:00,0.008103458,-0.001405435,3798.909912,19.6956501
1/20/2021 0:00,0.013839417,-0.003033204,3851.850098,19.63599968
1/21/2021 0:00,0.000316673,-0.002600095,3853.070068,19.58501053
1/22/2021 0:00,-0.003015153,0.00773361,3841.469971,19.73706055
1/25/2021 0:00,0.003609318,0.010374105,3855.360107,19.94288063
1/26/2021 0:00,-0.001489943,0.008104742,3849.620117,20.1051693
1/27/2021 0:00,-0.026013315,-0.005829842,3750.77002,19.98830032
1/28/2021 0:00,0.009713299,0.017025746,3787.379883,20.33152962
1/29/2021 0:00,-0.019500378,-0.003906933,3714.23999,20.25225067
2/1/2021 0:00,0.0159243,0.012416925,3773.860107,20.50528908
2/2/2021 0:00,0.013802529,-0.006709947,3826.310059,20.36816025
2/3/2021 0:00,0.001008261,-0.01138022,3830.169922,20.13768005
2/4/2021 0:00,0.010794848,0.00294538,3871.73999,20.19708061
2/5/2021 0:00,0.00388992,0.009368686,3886.830078,20.38718987
2/8/2021 0:00,0.007372107,-0.013620476,3915.590088,20.11138916
2/9/2021 0:00,-0.001114145,-0.000413774,3911.22998,20.10306931
2/10/2021 0:00,-0.000345245,-0.000956453,3909.879883,20.08385086
2/11/2021 0:00,0.001661075,-0.002720388,3916.379883,20.02928925
2/12/2021 0:00,0.004699971,-0.003150815,3934.830078,19.96627998
2/16/2021 0:00,-0.000569435,-0.000850756,3932.590088,19.94930077
2/17/2021 0:00,-0.000320453,0.013752077,3931.330078,20.22554016
2/18/2021 0:00,-0.004425614,-0.000642982,3913.969971,20.21253967
2/19/2021 0:00,-0.001856619,0.004723008,3906.709961,20.30822945
2/22/2021 0:00,-0.007762893,0.008786291,3876.5,20.48744965
2/23/2021 0:00,0.00125553,0.012349551,3881.370117,20.74202919
2/24/2021 0:00,0.011287668,-0.011090072,3925.429932,20.51326942
2/25/2021 0:00,-0.024783394,-0.006637687,3829.340088,20.37755966
2/26/2021 0:00,-0.004761532,0.025836281,3811.149902,20.91090012
3/1/2021 0:00,0.023512173,-0.005819148,3901.820068,20.78956985
3/2/2021 0:00,-0.008113679,-0.006540961,3870.290039,20.65402985
3/3/2021 0:00,-0.013152336,-0.002453819,3819.719971,20.60341072
3/4/2021 0:00,-0.013508038,0.016972709,3768.469971,20.95609093
3/5/2021 0:00,0.019308356,0.008425836,3841.939941,21.1334095
3/8/2021 0:00,-0.005373643,0.005751124,3821.350098,21.25530052
3/9/2021 0:00,0.014055401,0.011097307,3875.439941,21.49249077
3/10/2021 0:00,0.006012204,-0.014229929,3898.810059,21.18881989
3/11/2021 0:00,0.010341826,-0.013623061,3939.340088,20.90212059
3/12/2021 0:00,0.001014883,-0.013831662,3943.340088,20.61499977
3/15/2021 0:00,0.00647094,0.004674022,3968.939941,20.71158028
3/16/2021 0:00,-0.001570917,-0.002169712,3962.709961,20.66669083
3/17/2021 0:00,0.002875245,-0.003266152,3974.120117,20.59930038
3/18/2021 0:00,-0.01487056,-0.011548876,3915.459961,20.36277008
3/19/2021 0:00,-0.000602886,0.005930978,3913.100098,20.48390007
3/22/2021 0:00,0.007000557,0.008599015,3940.590088,20.66080093
3/23/2021 0:00,-0.007660118,-0.004142536,3910.52002,20.57538986
3/24/2021 0:00,-0.005482337,0.011237552,3889.139893,20.80791092
3/25/2021 0:00,0.005226583,0.003602156,3909.52002,20.88299942
3/26/2021 0:00,0.016494419,-0.009621886,3974.540039,20.68302917
3/29/2021 0:00,-0.00086839,-0.002444551,3971.090088,20.63253021
3/30/2021 0:00,-0.003162829,-0.001219707,3958.550049,20.60737991
3/31/2021 0:00,0.003615954,-0.001523901,3972.889893,20.57600021
4/1/2021 0:00,0.01175583,-0.007165002,4019.870117,20.42910004
4/5/2021 0:00,0.014334988,-0.006082378,4077.909912,20.30521965
4/6/2021 0:00,-0.000974005,2.52E-05,4073.939941,20.30573082
4/7/2021 0:00,0.001474146,-0.006485731,4079.949951,20.17445946
4/8/2021 0:00,0.004211751,0.001824428,4097.169922,20.2112999
4/9/2021 0:00,0.007690288,-0.005574777,4128.799805,20.0989399
4/12/2021 0:00,-0.000196098,0.003053705,4127.990234,20.16040993
4/13/2021 0:00,0.003289072,-0.000792945,4141.589844,20.14443016
4/14/2021 0:00,-0.004096104,-0.003826282,4124.660156,20.06749916
4/15/2021 0:00,0.011033101,0.000924472,4170.419922,20.08605957
4/16/2021 0:00,0.003602323,-0.007503908,4185.470215,19.93589973
4/19/2021 0:00,-0.00532069,-0.000883175,4163.259766,19.91830063
4/20/2021 0:00,-0.006825561,-0.005277946,4134.939941,19.81344986
4/21/2021 0:00,0.009263021,0.006717788,4173.419922,19.9470005
4/22/2021 0:00,-0.009253338,-0.003032618,4134.97998,19.88660049
4/23/2021 0:00,0.01086941,0.002330515,4180.169922,19.93300056
4/26/2021 0:00,0.001780685,-0.004044767,4187.620117,19.85253906
4/27/2021 0:00,-0.000214919,0.000305282,4186.720215,19.85860062
4/28/2021 0:00,-0.000845898,0.008723773,4183.180176,20.0326004
4/29/2021 0:00,0.006740042,-0.007059904,4211.470215,19.89167023
4/30/2021 0:00,-0.007220713,0.006645455,4181.169922,20.02429962
5/3/2021 0:00,0.002744322,0.008528184,4192.660156,20.19580078
5/4/2021 0:00,-0.006700737,-0.000396266,4164.660156,20.18779945
5/5/2021 0:00,0.000703216,0.000302102,4167.589844,20.19389915
5/6/2021 0:00,0.008132299,0.002831994,4201.620117,20.2511692
5/7/2021 0:00,0.007346291,-0.008234275,4232.600098,20.08510017
5/10/2021 0:00,-0.010490481,-0.009640469,4188.430176,19.89240074
5/11/2021 0:00,-0.00871175,0.001032513,4152.100098,19.91295052
5/12/2021 0:00,-0.021682782,0.002544814,4063.040039,19.9636898
5/13/2021 0:00,0.012099645,0.008892083,4112.5,20.1420002
5/14/2021 0:00,0.014807779,-0.009558034,4173.850098,19.9503994
5/17/2021 0:00,-0.002533258,-0.004018002,4163.290039,19.87039948
5/18/2021 0:00,-0.008553772,-0.005505725,4127.830078,19.76129913
5/19/2021 0:00,-0.002947752,0.004371735,4115.680176,19.84787941
5/20/2021 0:00,0.010499429,0.004279507,4159.120117,19.93300056
5/21/2021 0:00,-0.000784188,-0.002219936,4155.859863,19.88879967
5/24/2021 0:00,0.009862497,0.00243808,4197.049805,19.93734932
5/25/2021 0:00,-0.002127545,-0.00318245,4188.129883,19.87400055
5/26/2021 0:00,0.001875058,0.001598767,4195.990234,19.90579987
5/27/2021 0:00,0.001164636,-0.001759821,4200.879883,19.87080002
5/28/2021 0:00,0.000768586,0.004070597,4204.109863,19.95185089
6/1/2021 0:00,-0.000492455,-0.001723196,4202.040039,19.91749954
6/2/2021 0:00,0.001445889,0.002191706,4208.120117,19.96120071
6/3/2021 0:00,-0.003635303,-0.003332025,4192.850098,19.89480019
6/4/2021 0:00,0.008795303,0.012269344,4229.890137,20.14039993
6/7/2021 0:00,-0.000797056,-0.009804455,4226.52002,19.94389915
6/8/2021 0:00,0.00017501,-0.006110722,4227.259766,19.82239914
6/9/2021 0:00,-0.001825533,-0.006088366,4219.549805,19.70207977
6/10/2021 0:00,0.004641455,0.001430305,4239.180176,19.73027992
6/11/2021 0:00,0.001946539,-0.00137348,4247.439941,19.70319939
6/14/2021 0:00,0.001813556,0.008475282,4255.149902,19.8708992
6/15/2021 0:00,-0.00201372,0.003626908,4246.589844,19.94309998
6/16/2021 0:00,-0.005404704,0.003913457,4223.700195,20.02129936
6/17/2021 0:00,-0.000435811,0.018634326,4221.859863,20.39788055
6/18/2021 0:00,-0.013211356,0.000628264,4166.450195,20.41069984
6/21/2021 0:00,0.013905164,0.010299189,4224.790039,20.62199974
6/22/2021 0:00,0.005111406,-0.005648251,4246.439941,20.50584984
6/23/2021 0:00,-0.001083871,-0.008155221,4241.839844,20.33930016
6/24/2021 0:00,0.00579443,-0.007076882,4266.490234,20.19586945
6/25/2021 0:00,0.003325063,-0.01743023,4280.700195,19.84690094
6/28/2021 0:00,0.002312289,-0.001951835,4290.609863,19.80820084
6/29/2021 0:00,0.000277298,0.000452657,4291.799805,19.81716919
6/30/2021 0:00,0.001327278,-0.000710172,4297.5,19.80310059
7/1/2021 0:00,0.005208041,0.006609825,4319.939941,19.93442917
7/2/2021 0:00,0.007472096,0.003788771,4352.339844,20.01009941
7/6/2021 0:00,-0.002023903,-0.00929841,4343.540039,19.82489967
7/7/2021 0:00,0.003353347,0.009376378,4358.129883,20.01165962
7/8/2021 0:00,-0.008597881,-0.003065922,4320.819824,19.9503994
7/9/2021 0:00,0.011214826,0.001537668,4369.549805,19.98110008
7/12/2021 0:00,0.003445233,-0.006043896,4384.629883,19.86070061
7/13/2021 0:00,-0.003523011,-0.001678105,4369.209961,19.82740021
7/14/2021 0:00,0.001164257,0.010775225,4374.299805,20.04220009
7/15/2021 0:00,-0.003267574,-0.007072612,4360.029785,19.90094948
7/16/2021 0:00,-0.007567415,0.001428081,4327.160156,19.92938995
7/19/2021 0:00,-0.015996781,-0.00126478,4258.490234,19.9041996
7/20/2021 0:00,0.015048806,0.006704681,4323.060059,20.03809929
7/21/2021 0:00,0.008208042,0.004876279,4358.689941,20.13604927
7/22/2021 0:00,0.002014639,0.000550663,4367.47998,20.1471405
7/23/2021 0:00,0.010094332,-0.002205707,4411.790039,20.10275078
7/26/2021 0:00,0.002379367,-0.002213626,4422.299805,20.05830002
7/27/2021 0:00,-0.004723583,-0.001696517,4401.459961,20.02429962
7/28/2021 0:00,-0.000186279,-0.003511898,4400.640137,19.95409966
7/29/2021 0:00,0.004197332,-0.002021696,4419.149902,19.91379929
7/30/2021 0:00,-0.005420714,-0.00313837,4395.259766,19.85140038
8/2/2021 0:00,-0.001844506,0.000720062,4387.160156,19.86569977
8/3/2021 0:00,0.008169961,0.001810493,4423.149902,19.90169907
8/4/2021 0:00,-0.004643151,-0.001966525,4402.660156,19.86260033
8/5/2021 0:00,0.005987486,0.004911709,4429.100098,19.96039963
8/6/2021 0:00,0.001673865,-0.001611427,4436.52002,19.9282608
8/9/2021 0:00,-0.00094035,0.007077304,4432.350098,20.06979942
8/10/2021 0:00,0.000992187,3.52E-06,4436.75,20.06987
8/11/2021 0:00,0.001274931,3.14E-05,4442.410156,20.07049942
8/12/2021 0:00,0.004137808,-0.007049971,4460.830078,19.92950058
8/13/2021 0:00,0.001606016,0.001097227,4468,19.95137978
8/16/2021 0:00,0.002617422,-0.004706444,4479.709961,19.85770035
8/17/2021 0:00,-0.007085744,0.001127385,4448.080078,19.88010025
8/18/2021 0:00,-0.010806653,0.005890475,4400.27002,19.99754906
8/19/2021 0:00,0.001255903,0.002072633,4405.799805,20.03903961
8/20/2021 0:00,0.008108604,0.006375175,4441.669922,20.16720009
8/23/2021 0:00,0.008487668,0.010570112,4479.529785,20.38150024
8/24/2021 0:00,0.001494619,-0.003122942,4486.22998,20.3179493
8/25/2021 0:00,0.002217657,-0.005520135,4496.189941,20.20610046
8/26/2021 0:00,-0.00584195,0.000494789,4470,20.21610069
8/27/2021 0:00,0.008769072,0.007412085,4509.370117,20.36650085
8/30/2021 0:00,0.004297324,-0.009977676,4528.790039,20.16430092
8/31/2021 0:00,-0.001350027,-0.001243122,4522.680176,20.1392498
9/1/2021 0:00,0.00031164,-0.003962754,4524.089844,20.05960083
9/2/2021 0:00,0.002838606,-0.00308815,4536.950195,19.99774933
9/3/2021 0:00,-0.000335087,-0.001771692,4535.430176,19.96235085
9/7/2021 0:00,-0.003401352,-0.003726495,4520.029785,19.88809967
9/8/2021 0:00,-0.001319437,0.001994157,4514.069824,19.92779922
9/9/2021 0:00,-0.004616247,-1.50E-05,4493.279785,19.92749977
9/10/2021 0:00,-0.007752552,-0.000296088,4458.580078,19.92160034
9/13/2021 0:00,0.0022739,-0.002820054,4468.72998,19.8654995
9/14/2021 0:00,-0.005763214,-0.0001762,4443.049805,19.86199951
9/15/2021 0:00,0.008438294,0.001775746,4480.700195,19.89730072
9/16/2021 0:00,-0.001552345,-0.00265721,4473.75,19.84449959
9/17/2021 0:00,-0.00915263,0.00482847,4432.990234,19.94054985
9/20/2021 0:00,-0.017123078,0.003901475,4357.72998,20.01849937
9/21/2021 0:00,-0.000812689,0.005004863,4354.189941,20.11894035
9/22/2021 0:00,0.009474585,0.000484993,4395.640137,20.12870026
9/23/2021 0:00,0.01206168,-0.0020858,4448.97998,20.08675957
9/24/2021 0:00,0.001459943,-0.001687073,4455.47998,20.05290031
9/27/2021 0:00,-0.002780244,2.99E-05,4443.109863,20.05349922
9/28/2021 0:00,-0.020574318,0.001793648,4352.629883,20.08950043
9/29/2021 0:00,0.001567954,0.01188896,4359.459961,20.32976913
9/30/2021 0:00,-0.011981203,0.008392298,4307.540039,20.50110054
10/1/2021 0:00,0.011425952,0.005559815,4357.040039,20.61540031
10/4/2021 0:00,-0.013070952,-0.009611747,4300.459961,20.41819954
10/5/2021 0:00,0.010469517,0.004076307,4345.720215,20.50160027
10/6/2021 0:00,0.004094399,0.00334048,4363.549805,20.57019997
10/7/2021 0:00,0.008264039,-0.000617546,4399.759766,20.55750084
10/8/2021 0:00,-0.001915557,0.004689466,4391.339844,20.65413094
10/11/2021 0:00,-0.006889442,0.0033361,4361.189941,20.72315025
10/12/2021 0:00,-0.002419706,0.005958614,4350.649902,20.84700012
10/13/2021 0:00,0.003017956,-0.00321904,4363.799805,20.78000069
10/14/2021 0:00,0.016919162,-0.01095007,4438.259766,20.55369949
10/15/2021 0:00,0.007432521,-0.000579136,4471.370117,20.54179955
10/18/2021 0:00,0.003369088,-0.009528326,4486.459961,20.34700012
10/19/2021 0:00,0.007366143,0.002478813,4519.629883,20.39749908
10/20/2021 0:00,0.003657334,-0.008636268,4536.189941,20.2220993
10/21/2021 0:00,0.002991393,-2.96E-05,4549.779785,20.2215004
10/22/2021 0:00,-0.001073129,0.003539417,4544.899902,20.29319954
10/25/2021 0:00,0.004736959,-0.005152884,4566.47998,20.18889999
10/26/2021 0:00,0.001818141,-0.000911817,4574.790039,20.1704998
10/27/2021 0:00,-0.00506437,0.001308534,4551.680176,20.19691086
10/28/2021 0:00,0.009781288,0.005327648,4596.419922,20.30480003
10/29/2021 0:00,0.001947437,0.003618243,4605.379883,20.3784008
11/1/2021 0:00,0.001798459,0.008516765,4613.669922,20.55270004
11/2/2021 0:00,0.003673607,0.013862683,4630.649902,20.83959961
11/3/2021 0:00,0.006440495,-0.002849575,4660.569824,20.78030014
11/4/2021 0:00,0.004173222,-0.012035389,4680.060059,20.53170013
11/5/2021 0:00,0.00372585,0.000691385,4697.529785,20.54590034
11/8/2021 0:00,0.000887394,-0.008460706,4701.700195,20.37280083
11/9/2021 0:00,-0.003504911,-0.001957966,4685.25,20.33295059
11/10/2021 0:00,-0.008259842,-0.000678915,4646.709961,20.31915092
11/11/2021 0:00,0.000550788,0.014037848,4649.27002,20.60639954
11/12/2021 0:00,0.007196698,0.001456312,4682.850098,20.63643074
11/15/2021 0:00,-1.07E-05,-0.005453762,4682.799805,20.5241909
11/16/2021 0:00,0.003857779,0.003434428,4700.899902,20.59480095
11/17/2021 0:00,-0.002605015,0.007690673,4688.669922,20.75379944
11/18/2021 0:00,0.003379065,-0.005236845,4704.540039,20.64539909
11/19/2021 0:00,-0.001399645,0.005511507,4697.959961,20.7595005
11/22/2021 0:00,-0.003202258,0.004869712,4682.939941,20.86083984
11/23/2021 0:00,0.001655761,0.006348684,4690.700195,20.99370003
11/24/2021 0:00,0.002291224,0.012863606,4701.459961,21.26549911
11/26/2021 0:00,-0.022987011,0.016740944,4594.620117,21.62450027
11/29/2021 0:00,0.013113836,0.004848484,4655.27002,21.72960091
11/30/2021 0:00,-0.019143381,-0.002248376,4567,21.68079948
12/1/2021 0:00,-0.011885541,-0.012484863,4513.040039,21.41180038
12/2/2021 0:00,0.014094638,0.002787501,4577.100098,21.47156906
12/3/2021 0:00,-0.008484455,-0.007621743,4538.430176,21.30854034
12/6/2021 0:00,0.011662599,-0.004116658,4591.669922,21.22100067
12/7/2021 0:00,0.020495603,0.000127172,4686.75,21.22369957
12/8/2021 0:00,0.003080536,-0.00925406,4701.209961,21.02820015
12/9/2021 0:00,-0.007206988,-0.004881538,4667.450195,20.92580032
12/10/2021 0:00,0.009503769,0.001189232,4712.02002,20.95070076
12/13/2021 0:00,-0.009178158,-0.003557512,4668.970215,20.87630081
12/14/2021 0:00,-0.007498723,0.005603087,4634.089844,20.99360085
12/15/2021 0:00,0.016216267,0.010674656,4709.850098,21.21890068
12/16/2021 0:00,-0.008781863,-0.008790217,4668.669922,21.03319931
12/17/2021 0:00,-0.010340965,-0.010216827,4620.640137,20.81940079
12/20/2021 0:00,-0.011453398,0.000475364,4568.02002,20.82929993
12/21/2021 0:00,0.017621755,-0.003554206,4649.22998,20.7553997
12/22/2021 0:00,0.010128728,0.003227704,4696.560059,20.82250023
12/23/2021 0:00,0.006204413,-0.005398172,4725.790039,20.71039963
12/27/2021 0:00,0.013744052,-0.004995412,4791.189941,20.60720062
12/28/2021 0:00,-0.001010665,0.003700531,4786.350098,20.68359947
12/29/2021 0:00,0.001400913,-0.001035101,4793.060059,20.66220093
12/30/2021 0:00,-0.002994234,-0.005055802,4778.72998,20.55800056
12/31/2021 0:00,-0.002629634,-0.00482238,4766.180176,20.45910072
1/3/2022 0:00,0.006353824,0.001099106,4796.560059,20.48159981
1/4/2022 0:00,-0.00062982,0.000214816,4793.540039,20.48600006
1/5/2022 0:00,-0.019583264,0.001755721,4700.580078,20.52199936
1/6/2022 0:00,-0.000964234,0.002029922,4696.049805,20.56369972
1/7/2022 0:00,-0.004058441,-0.003439166,4677.029785,20.49309921
1/10/2022 0:00,-0.001442071,-0.005020546,4670.290039,20.3904705
1/11/2022 0:00,0.009118286,-0.001583877,4713.069824,20.35820007
1/12/2022 0:00,0.002813792,0.001585841,4726.350098,20.39051056
1/13/2022 0:00,-0.014346029,-0.001357452,4659.029785,20.36285019
1/14/2022 0:00,0.000819644,-0.001434055,4662.850098,20.33366966
1/18/2022 0:00,-0.018559105,-0.002174641,4577.109863,20.28949928
1/19/2022 0:00,-0.009736791,0.005372595,4532.759766,20.3987999
1/20/2022 0:00,-0.011098742,0.004973192,4482.72998,20.50049973
1/21/2022 0:00,-0.019095995,0.001473027,4397.939941,20.53071976
1/24/2022 0:00,0.002767905,-0.004029844,4410.129883,20.44815063
1/25/2022 0:00,-0.012246591,0.006127418,4356.450195,20.57382965
1/26/2022 0:00,-0.001497757,0.001610978,4349.930176,20.60700035
1/27/2022 0:00,-0.005398635,0.005246578,4326.509766,20.7154007
1/28/2022 0:00,0.024055968,0.002507067,4431.850098,20.76740074
1/31/2022 0:00,0.018709826,0.002961784,4515.549805,20.82900047
2/1/2022 0:00,0.00683956,-0.009798688,4546.540039,20.62590027
2/2/2022 0:00,0.0093784,-0.003895904,4589.379883,20.54570007
2/3/2022 0:00,-0.024693472,0.002697655,4477.439941,20.6012001
2/4/2022 0:00,0.005143678,-0.001778181,4500.529785,20.56459999
2/7/2022 0:00,-0.003708581,0.004318521,4483.870117,20.65360069
2/8/2022 0:00,0.008366113,-0.003531113,4521.540039,20.5807991
2/9/2022 0:00,0.014412842,0.000816977,4587.180176,20.59762001
2/10/2022 0:00,-0.018281824,-0.005343964,4504.080078,20.48784065
2/11/2022 0:00,-0.019151683,0.003379648,4418.640137,20.55719948
2/14/2022 0:00,-0.003847991,-0.002277154,4401.669922,20.51044083
2/15/2022 0:00,0.015643718,-0.004958533,4471.069824,20.40899086
2/16/2022 0:00,0.00088082,-0.00123504,4475.009766,20.38380051
2/17/2022 0:00,-0.021400504,-0.00478979,4380.259766,20.28639984
2/18/2022 0:00,-0.007191962,0.000256269,4348.870117,20.29159927
2/22/2022 0:00,-0.010194735,0.001545337,4304.759766,20.32298088
2/23/2022 0:00,-0.018583736,-0.001407359,4225.5,20.29439926
2/24/2022 0:00,0.014846105,-0.003094224,4288.700195,20.2317009
2/25/2022 0:00,0.022126081,0.0162606,4384.649902,20.56336975
2/28/2022 0:00,-0.002445591,0.000474977,4373.939941,20.57313919
3/1/2022 0:00,-0.015594468,-0.005480374,4306.259766,20.46069908
3/2/2022 0:00,0.018471047,0.008875231,4386.540039,20.64310074
3/3/2022 0:00,-0.005268521,-2.67E-05,4363.490234,20.64254951
3/4/2022 0:00,-0.007965685,-0.000153024,4328.870117,20.63939095
3/7/2022 0:00,-0.029962587,0.015856089,4201.089844,20.96925926
3/8/2022 0:00,-0.007260044,0.015900664,4170.700195,21.30534935
3/9/2022 0:00,0.025373598,0.002673739,4277.879883,21.36239052
3/10/2022 0:00,-0.00430105,-0.021634493,4259.52002,20.90518951
3/11/2022 0:00,-0.013046279,0.000325758,4204.310059,20.91200066
3/14/2022 0:00,-0.007448675,-0.001171801,4173.109863,20.8875103
3/15/2022 0:00,0.02118263,0.000615458,4262.450195,20.90036964
3/16/2022 0:00,0.022136922,-0.004208312,4357.859863,20.81259918
3/17/2022 0:00,0.012272205,-0.008778316,4411.669922,20.63069916
3/18/2022 0:00,0.011594814,-0.00566827,4463.120117,20.51408958
3/21/2022 0:00,-0.000434755,-0.006501528,4461.180176,20.38114929
3/22/2022 0:00,0.0112407,3.69E-05,4511.609863,20.38190079
3/23/2022 0:00,-0.01234863,-0.00539682,4456.240234,20.27219963
3/24/2022 0:00,0.014242012,-0.002249889,4520.160156,20.2266407
3/25/2022 0:00,0.005053381,-0.007958819,4543.060059,20.06629944
3/28/2022 0:00,0.007119551,-0.001803152,4575.52002,20.03014946
3/29/2022 0:00,0.012182044,0.003045759,4631.600098,20.09124947
3/30/2022 0:00,-0.006313589,-0.006273625,4602.450195,19.96559906
3/31/2022 0:00,-0.015776335,-0.00438956,4530.410156,19.87815094
4/1/2022 0:00,0.003404421,-0.000148449,4545.859863,19.87520027
4/4/2022 0:00,0.008058383,-0.000901049,4582.640137,19.8572998
4/5/2022 0:00,-0.012631159,-0.002419131,4525.120117,19.80932045
4/6/2022 0:00,-0.009764434,0.008709301,4481.149902,19.98259926
4/7/2022 0:00,0.004244366,0.008911047,4500.209961,20.16146088
4/8/2022 0:00,-0.002654547,-0.001545789,4488.279785,20.1303196
4/11/2022 0:00,-0.017021335,-0.003257595,4412.529785,20.06484985
4/12/2022 0:00,-0.003423301,-0.006144454,4397.450195,19.94194031
4/13/2022 0:00,0.011112603,-0.006977011,4446.589844,19.80328941
4/14/2022 0:00,-0.01221848,-0.00212262,4392.589844,19.76129913
4/18/2022 0:00,-0.000204889,0.009684139,4391.689941,19.95359993
4/19/2022 0:00,0.015930045,-0.007970073,4462.209961,19.79520035
4/20/2022 0:00,-0.000618666,0.011197876,4459.450195,20.01811028
4/21/2022 0:00,-0.014862856,-0.002220991,4393.660156,19.97369957
4/22/2022 0:00,-0.028132076,0.010506049,4271.779785,20.18465042
4/25/2022 0:00,0.005681765,0.002343091,4296.120117,20.23200035
4/26/2022 0:00,-0.028550009,-0.00086043,4175.200195,20.21459961
4/27/2022 0:00,0.002095849,0.008164613,4183.959961,20.3803196
4/28/2022 0:00,0.024445655,-0.000393614,4287.5,20.37229919
4/29/2022 0:00,-0.03695916,0.003381241,4131.930176,20.44129944
5/2/2022 0:00,0.005659199,-0.001170868,4155.379883,20.41737938
5/3/2022 0:00,0.004825465,0.001508402,4175.47998,20.44820023
5/4/2022 0:00,0.029425222,-0.008256742,4300.169922,20.28005981
5/5/2022 0:00,-0.036300678,-0.011994707,4146.870117,20.03825951
5/6/2022 0:00,-0.005690384,0.008766676,4123.339844,20.2147007
5/9/2022 0:00,-0.03256152,-0.001901446,3991.23999,20.17630005
5/10/2022 0:00,0.002454882,0.009236398,4001.050049,20.36351967
5/11/2022 0:00,-0.016600232,0.000826626,3935.179932,20.38035965
5/12/2022 0:00,-0.001296805,-0.002979302,3930.080078,20.31973076
5/13/2022 0:00,0.023589268,-0.007262124,4023.889893,20.17270088
5/16/2022 0:00,-0.003954209,-0.004045309,4008.01001,20.09126091
5/17/2022 0:00,0.01996892,-0.003598113,4088.850098,20.01910019
5/18/2022 0:00,-0.041233809,-0.004184806,3923.679932,19.93549919
5/19/2022 0:00,-0.005850865,0.004379627,3900.790039,20.02300072
5/20/2022 0:00,0.000146131,-0.004976728,3901.360107,19.92359924
5/23/2022 0:00,0.018384995,-0.003730106,3973.75,19.84942055
5/24/2022 0:00,-0.008153951,0.003446983,3941.47998,19.91795921
5/25/2022 0:00,0.009406386,-0.003785664,3978.72998,19.84269905
5/26/2022 0:00,0.019688166,-0.001235469,4057.840088,19.81819916
5/27/2022 0:00,0.02444113,-0.00335099,4158.240234,19.75189972
5/31/2022 0:00,-0.006294135,-0.011231389,4132.149902,19.53129959
6/1/2022 0:00,-0.007510905,0.005994967,4101.22998,19.64874077
6/2/2022 0:00,0.018263225,0.003268126,4176.819824,19.71306038
6/3/2022 0:00,-0.016482406,-0.009437132,4108.540039,19.5279007
6/6/2022 0:00,0.003132489,0.000886478,4121.430176,19.54521942
6/7/2022 0:00,0.009478332,0.000515611,4160.680176,19.55529976
6/8/2022 0:00,-0.010852623,0.001093757,4115.77002,19.57670021
6/9/2022 0:00,-0.024086458,0.000531045,4017.820068,19.58709908
6/10/2022 0:00,-0.029542415,0.004543729,3900.860107,19.67630005
6/13/2022 0:00,-0.039539932,0.017289966,3749.629883,20.01946068
6/14/2022 0:00,-0.003780818,0.02209926,3735.47998,20.46680069
6/15/2022 0:00,0.014487059,0.004575418,3789.98999,20.56065941
6/16/2022 0:00,-0.033052207,-0.016600934,3666.77002,20.2221508
6/17/2022 0:00,0.002198447,0.00861904,3674.840088,20.39719963
6/21/2022 0:00,0.024182475,-0.006329693,3764.790039,20.26849937
6/22/2022 0:00,-0.00130242,-0.00650905,3759.889893,20.13699913
6/23/2022 0:00,0.009487072,-0.004354684,3795.72998,20.04949951
6/24/2022 0:00,0.03010554,-0.001977083,3911.73999,20.00989914
6/27/2022 0:00,-0.0029775,-0.005881363,3900.110107,19.89255905
6/28/2022 0:00,-0.020348673,0.00051974,3821.550049,19.9029007
6/29/2022 0:00,-0.000711999,0.012170091,3818.830078,20.14660072
6/30/2022 0:00,-0.008797866,-0.00080647,3785.379883,20.13035965
7/1/2022 0:00,0.010498511,-0.001362578,3825.330078,20.10294914
7/5/2022 0:00,0.001582875,0.008196505,3831.389893,20.26840019
7/6/2022 0:00,0.003566796,0.012478285,3845.080078,20.52289963
7/7/2022 0:00,0.014853723,0.005742913,3902.620117,20.64109993
7/8/2022 0:00,-0.000830616,-0.007152095,3899.379883,20.49399948
7/11/2022 0:00,-0.011594418,-0.001528424,3854.429932,20.46269989
7/12/2022 0:00,-0.009286868,0.012553665,3818.800049,20.72120094
7/13/2022 0:00,-0.004466864,0.006985747,3801.780029,20.8664608
7/14/2022 0:00,-0.003003139,-0.003632538,3790.379883,20.79080009
7/15/2022 0:00,0.019019232,0.000725492,3863.159912,20.80588913
7/18/2022 0:00,-0.008398742,-0.014830731,3830.850098,20.49959946
7/19/2022 0:00,0.027253518,-0.002665982,3936.689941,20.44502068
7/20/2022 0:00,0.005878494,0.003650918,3959.899902,20.51980019
7/21/2022 0:00,0.009813067,0.0010862,3998.949951,20.54210091
7/22/2022 0:00,-0.009376287,0.005437384,3961.629883,20.65410042
7/25/2022 0:00,0.001314303,-0.005802633,3966.840088,20.5345993
7/26/2022 0:00,-0.011610343,-0.004094086,3921.050049,20.45070076
7/27/2022 0:00,0.025820049,0.000146603,4023.610107,20.45369911
7/28/2022 0:00,0.01206032,-0.003938505,4072.429932,20.37330055
7/29/2022 0:00,0.014107776,-0.004530878,4130.290039,20.28120041
8/1/2022 0:00,-0.002827077,0.004589764,4118.629883,20.37450027
8/2/2022 0:00,-0.006684688,0.000441576,4091.189941,20.38349915
8/3/2022 0:00,0.015517456,0.020751625,4155.169922,20.81090927
8/4/2022 0:00,-0.000777642,-0.01540858,4151.939941,20.49270058
8/5/2022 0:00,-0.001627069,-0.008281063,4145.189941,20.32369995
8/8/2022 0:00,-0.001238317,0.004795684,4140.060059,20.42140007
8/9/2022 0:00,-0.004257744,-0.008892857,4122.470215,20.24060059
8/10/2022 0:00,0.021067158,-2.97E-05,4210.240234,20.23999977
8/11/2022 0:00,-0.000705723,-0.01117382,4207.27002,20.01510048
8/12/2022 0:00,0.017174047,-0.004100287,4280.149902,19.93320084
8/15/2022 0:00,0.003961684,-0.00399986,4297.140137,19.85363007
8/16/2022 0:00,0.001873923,-0.002285823,4305.200195,19.80830002
8/17/2022 0:00,-0.007264115,0.004796545,4274.040039,19.90353966
8/18/2022 0:00,0.00226699,0.003353582,4283.740234,19.97039986
8/19/2022 0:00,-0.012983929,0.007967987,4228.47998,20.13015938
8/22/2022 0:00,-0.021632366,0.002921255,4137.990234,20.18905067
8/23/2022 0:00,-0.00224037,-0.003083197,4128.72998,20.12689972
8/24/2022 0:00,0.002911917,-0.007141238,4140.77002,19.98368073
8/25/2022 0:00,0.013993242,-0.004065634,4199.120117,19.90259933
8/26/2022 0:00,-0.034268576,0.000828718,4057.659912,19.91909981
8/29/2022 0:00,-0.006688675,0.007437506,4030.610107,20.06780052
8/30/2022 0:00,-0.011089416,-0.004144565,3986.159912,19.98480034
8/31/2022 0:00,-0.007847738,0.007105114,3955,20.12730026
9/1/2022 0:00,0.002991752,0.002944913,3966.850098,20.18666077
9/2/2022 0:00,-0.010794553,-0.00097935,3924.26001,20.16690063
9/6/2022 0:00,-0.004103465,-0.010031932,3908.189941,19.96559906
9/7/2022 0:00,0.018174849,0.008275019,3979.870117,20.13150024
9/8/2022 0:00,0.006588967,-0.007463901,4006.179932,19.98180008
9/9/2022 0:00,0.015156015,-0.002420115,4067.360107,19.93350029
9/12/2022 0:00,0.010528651,-0.00373939,4110.410156,19.85910034
9/13/2022 0:00,-0.044199163,-0.001465361,3932.689941,19.8300209
9/14/2022 0:00,0.003381289,0.010129026,3946.01001,20.03190041
9/15/2022 0:00,-0.011382272,-0.004016727,3901.350098,19.95159912
9/16/2022 0:00,-0.00720805,0.006464767,3873.330078,20.08099937
9/19/2022 0:00,0.006833698,-0.002531928,3899.889893,20.03022003
9/20/2022 0:00,-0.011336115,-0.006366683,3855.929932,19.90309906
9/21/2022 0:00,-0.017264674,0.003671084,3789.929932,19.97629929
9/22/2022 0:00,-0.008463294,0.003388301,3757.98999,20.04409981
9/23/2022 0:00,-0.017382829,-0.006250701,3693.22998,19.9192009
9/26/2022 0:00,-0.010394361,0.014555731,3655.040039,20.21125984
9/27/2022 0:00,-0.002122611,0.007859734,3647.290039,20.37074089
9/28/2022 0:00,0.019481144,-0.000103656,3719.040039,20.36862946
9/29/2022 0:00,-0.021352795,-0.009058674,3640.469971,20.18494987
9/30/2022 0:00,-0.015181352,-0.002996341,3585.620117,20.1245594
10/3/2022 0:00,0.025554578,-0.000356331,3678.429932,20.11738968
10/4/2022 0:00,0.030125341,-0.005517356,3790.929932,20.00670052
10/5/2022 0:00,-0.002019988,-0.002076942,3783.280029,19.96519089
10/6/2022 0:00,-0.010297923,0.003430552,3744.52002,20.03380013
10/7/2022 0:00,-0.028403197,0.003303915,3639.659912,20.10009956
10/10/2022 0:00,-0.007520673,-0.003503583,3612.389893,20.02980042
10/11/2022 0:00,-0.006540518,-0.004478376,3588.840088,19.94029999
10/12/2022 0:00,-0.0032962,0.006262073,3577.030029,20.06555939
10/13/2022 0:00,0.025634259,-0.004613515,3669.909912,19.97319984
10/14/2022 0:00,-0.023947121,0.000125187,3583.070068,19.97570038
10/17/2022 0:00,0.026135525,0.002010387,3677.949951,20.01589966
10/18/2022 0:00,0.011362768,-0.00220567,3719.97998,19.97179985
10/19/2022 0:00,-0.006694455,0.002355552,3695.159912,20.01889992
10/20/2022 0:00,-0.007982687,0.005405789,3665.780029,20.12741089
10/21/2022 0:00,0.02344776,-0.004214578,3752.75,20.04276085
10/24/2022 0:00,0.01181194,-0.005516426,3797.340088,19.93250084
10/25/2022 0:00,0.01613577,-0.001224917,3859.110107,19.90810013
10/26/2022 0:00,-0.00741514,-0.002086759,3830.600098,19.86660004
10/27/2022 0:00,-0.006101185,0.003839747,3807.300049,19.9430294
10/28/2022 0:00,0.024328037,-0.005163995,3901.060059,19.84030914
10/31/2022 0:00,-0.007482327,-0.001014066,3871.97998,19.82019997
11/1/2022 0:00,-0.004109664,-0.001363197,3856.100098,19.79319954
11/2/2022 0:00,-0.025319844,-0.00345666,3759.689941,19.72489929
11/3/2022 0:00,-0.010642423,-0.002360172,3719.889893,19.67840004
11/4/2022 0:00,0.013526823,-0.000413184,3770.550049,19.67027092
11/7/2022 0:00,0.009568062,-0.005449966,3806.800049,19.56336021
11/8/2022 0:00,0.005582283,-0.00616619,3828.110107,19.44309998
11/9/2022 0:00,-0.020996785,0.004849616,3748.570068,19.53762054
11/10/2022 0:00,0.053952516,0.001252127,3956.370117,19.56209946
11/11/2022 0:00,0.009198312,-0.012685603,3992.929932,19.3155098
11/14/2022 0:00,-0.008975941,0.010245756,3957.25,19.51442909
11/15/2022 0:00,0.008675376,-0.00902007,3991.72998,19.33919907
11/16/2022 0:00,-0.008286283,0.000103453,3958.790039,19.34119987
11/17/2022 0:00,-0.003094105,-0.000406478,3946.560059,19.33333969
11/18/2022 0:00,0.004747296,0.003436883,3965.340088,19.39990044
11/21/2022 0:00,-0.00389125,0.002229417,3949.939941,19.44319916
11/22/2022 0:00,0.013488606,0.004536364,4003.580078,19.53160095
11/23/2022 0:00,0.005897266,-0.004602681,4027.26001,19.44190979
11/25/2022 0:00,-0.000283084,-0.003122352,4026.120117,19.38129997
11/28/2022 0:00,-0.015564697,-0.001950159,3963.939941,19.34354019
11/29/2022 0:00,-0.001593134,-0.00244511,3957.629883,19.29630089
11/30/2022 0:00,0.030478644,-0.003337837,4080.110107,19.23200035
12/1/2022 0:00,-0.00086801,0.001706647,4076.570068,19.26485062
12/2/2022 0:00,-0.001195375,-0.007113325,4071.699951,19.12829971
12/5/2022 0:00,-0.01805625,0.013226972,3998.840088,19.38298988
12/6/2022 0:00,-0.014503869,0.017308434,3941.26001,19.72139931
12/7/2022 0:00,-0.001864107,0.001671959,3933.919922,19.75440025
12/8/2022 0:00,0.007493634,-0.004439212,3963.51001,19.66690063
12/9/2022 0:00,-0.007376719,-0.002308134,3934.379883,19.62155914
12/12/2022 0:00,0.014178307,0.008381041,3990.560059,19.7866993
12/13/2022 0:00,0.007263223,0.003057997,4019.649902,19.84729958
12/14/2022 0:00,-0.006071117,-0.015500897,3995.320068,19.5420208
12/15/2022 0:00,-0.025237478,0.003441973,3895.75,19.6093998
12/16/2022 0:00,-0.01120024,0.007124178,3852.360107,19.74959946
12/19/2022 0:00,-0.009048329,0.002392621,3817.659912,19.79690933
12/20/2022 0:00,0.001036801,-0.000470374,3821.620117,19.78759956
12/21/2022 0:00,0.014758549,-0.001689331,3878.439941,19.75419998
12/22/2022 0:00,-0.014557142,-0.004800878,3822.389893,19.65958977
12/23/2022 0:00,0.005850952,-0.00510416,3844.820068,19.55949974
12/27/2022 0:00,-0.004057844,-0.010093469,3829.25,19.36306953
12/28/2022 0:00,-0.01209347,0.005101317,3783.219971,19.46209908
12/29/2022 0:00,0.017310634,-0.002047029,3849.280029,19.42230034
12/30/2022 0:00,-0.002543976,0.001815813,3839.5,19.45759964
1/3/2023 0:00,-0.004008572,6.17E-05,3824.139893,19.45879936
1/4/2023 0:00,0.007510695,-0.002634614,3852.969971,19.4076004
1/5/2023 0:00,-0.011713869,-0.001072301,3808.100098,19.38680077
1/6/2023 0:00,0.022583836,-0.003526682,3895.080078,19.31855011
1/9/2023 0:00,-0.000767927,-0.010106002,3892.090088,19.1243
1/10/2023 0:00,0.006953998,1.05E-05,3919.25,19.12450027
1/11/2023 0:00,0.012767571,-0.003399295,3969.610107,19.05960083
1/12/2023 0:00,0.003410085,-0.006168161,3983.169922,18.94239998
1/13/2023 0:00,0.003988892,-0.005191743,3999.090088,18.84431076
1/17/2023 0:00,-0.002032555,-0.003530368,3990.969971,18.7779007
1/18/2023 0:00,-0.015684967,-0.00729038,3928.860107,18.64150047
1/19/2023 0:00,-0.007667672,0.012398172,3898.850098,18.87405968
1/20/2023 0:00,0.018741674,0.005739581,3972.610107,18.98270035
1/23/2023 0:00,0.011811316,-0.006602977,4019.810059,18.85777092
1/24/2023 0:00,-0.000711756,-0.002363185,4016.949951,18.81325912
1/25/2023 0:00,-0.000181742,-0.001577753,4016.219971,18.78359985
1/26/2023 0:00,0.010947708,-0.000394066,4060.429932,18.77619934
1/27/2023 0:00,0.002491734,0.001091222,4070.560059,18.79669952
1/30/2023 0:00,-0.013053569,-0.001488085,4017.77002,18.76874924
1/31/2023 0:00,0.014536304,-0.000540886,4076.600098,18.75860023
2/1/2023 0:00,0.010398056,0.004482304,4119.209961,18.84287071
2/2/2023 0:00,0.014592385,-0.013892877,4179.759766,18.58289909
2/3/2023 0:00,-0.010408593,0.003143126,4136.47998,18.64139938
2/6/2023 0:00,-0.006159393,0.018573432,4111.080078,18.99086952
2/7/2023 0:00,0.012790364,0.009283872,4164,19.16799927
2/8/2023 0:00,-0.011142573,-0.015059564,4117.859863,18.88150024
2/9/2023 0:00,-0.00886901,0.002800402,4081.5,18.93445015
2/10/2023 0:00,0.002192856,-0.00828111,4090.459961,18.77829933
2/13/2023 0:00,0.01138357,-0.005334134,4137.290039,18.67840004
2/14/2023 0:00,-0.000280454,-0.006087504,4136.129883,18.56504059
2/15/2023 0:00,0.002769338,-0.003250073,4147.600098,18.5048008
2/16/2023 0:00,-0.013884689,0.004300436,4090.409912,18.58455086
2/17/2023 0:00,-0.002771242,-0.001929885,4079.090088,18.54871941
2/21/2023 0:00,-0.020244784,-0.008854732,3997.340088,18.3852005
2/22/2023 0:00,-0.001574795,0.002428283,3991.050049,18.42989922
2/23/2023 0:00,0.005315278,-0.003550485,4012.320068,18.36458015
2/24/2023 0:00,-0.010593465,0.000222132,3970.040039,18.36865997
2/27/2023 0:00,0.003068293,0.001233447,3982.23999,18.39133072
2/28/2023 0:00,-0.00304062,-0.001329293,3970.149902,18.36689949
3/1/2023 0:00,-0.004736464,-0.003597703,3951.389893,18.30093956
3/2/2023 0:00,0.007553594,-0.010158497,3981.350098,18.11597061
3/3/2023 0:00,0.016018749,-0.00058914,4045.639893,18.1053009
3/6/2023 0:00,0.000686931,-0.007055939,4048.419922,17.97800064
3/7/2023 0:00,-0.01544559,0.001297954,3986.370117,18.0013504
3/8/2023 0:00,0.001413794,0.005470662,3992.01001,18.10009956
3/9/2023 0:00,-0.018631858,-0.007171958,3918.320068,17.97075081
3/10/2023 0:00,-0.014583969,0.01977391,3861.590088,18.32963943
3/13/2023 0:00,-0.001510902,-0.000688165,3855.76001,18.31702995
3/14/2023 0:00,0.016342388,0.03233975,3919.290039,18.91908073
3/15/2023 0:00,-0.007005364,-0.016982508,3891.929932,18.60050011
3/16/2023 0:00,0.017409576,0.020824078,3960.280029,18.99189949
3/17/2023 0:00,-0.011080621,-0.011785189,3916.639893,18.76939011
3/20/2023 0:00,0.00887887,0.003936426,3951.570068,18.84342003
3/21/2023 0:00,0.012898648,-0.001530619,4002.870117,18.81459999
3/22/2023 0:00,-0.016600249,-0.0101794,3936.969971,18.62405014
3/23/2023 0:00,0.002980084,-0.001649188,3948.719971,18.5933609
3/24/2023 0:00,0.005623963,-0.001370309,3970.98999,18.5678997
3/27/2023 0:00,0.0016456,-0.007614076,3977.530029,18.42705917
3/28/2023 0:00,-0.001575083,-0.005903271,3971.27002,18.3185997
3/29/2023 0:00,0.014136871,-0.00544093,4027.810059,18.21920013
3/30/2023 0:00,0.005698999,-0.00689392,4050.830078,18.09403038
3/31/2023 0:00,0.014333328,-0.000247646,4109.310059,18.08955002
4/3/2023 0:00,0.003692023,-0.002790015,4124.509766,18.03915024
4/4/2023 0:00,-0.00581384,0.002680563,4100.600098,18.08757019
4/5/2023 0:00,-0.002495482,0.001377293,4090.379883,18.11249924
4/6/2023 0:00,0.003572773,0.010779539,4105.02002,18.30879974
4/10/2023 0:00,0.000995807,-0.009554532,4109.109863,18.13470078
4/11/2023 0:00,-4.14E-05,0.000463091,4108.939941,18.14310074
4/12/2023 0:00,-0.004143456,0.000870397,4091.949951,18.15889931
4/13/2023 0:00,0.01317551,-0.005732596,4146.220215,18.05509949
4/14/2023 0:00,-0.002071518,-0.002001458,4137.640137,18.0189991
4/17/2023 0:00,0.003300704,-0.00145059,4151.319824,17.99287987
4/18/2023 0:00,0.000854855,0.002182924,4154.870117,18.03219986
4/19/2023 0:00,-8.43E-05,0.000625884,4154.52002,18.04348946
4/20/2023 0:00,-0.005970335,-0.000165659,4129.790039,18.04050064
4/21/2023 0:00,0.000902781,-0.002363651,4133.52002,17.99790955
4/24/2023 0:00,0.000851217,-4.27E-05,4137.040039,17.99714088
4/25/2023 0:00,-0.015937184,-0.001776329,4071.629883,17.96520042
4/26/2023 0:00,-0.003848584,0.004177086,4055.98999,18.04039955
4/27/2023 0:00,0.019377193,0.006527876,4135.350098,18.15855026
4/28/2023 0:00,0.008219331,-0.007409601,4169.47998,18.02449989
5/1/2023 0:00,-0.000386181,-0.001838085,4167.870117,17.99139977
5/2/2023 0:00,-0.011653907,-0.002989726,4119.580078,17.93769073
5/3/2023 0:00,-0.007022908,0.002037157,4090.75,17.97426987
5/4/2023 0:00,-0.007244913,-0.001011368,4061.219971,17.95610046
5/5/2023 0:00,0.018306166,-0.003163856,4136.25,17.89937973
5/8/2023 0:00,0.000452026,-0.007464362,4138.120117,17.76626968
5/9/2023 0:00,-0.004589939,0.00119879,4119.169922,17.78758049
5/10/2023 0:00,0.004473942,-0.002481251,4137.640137,17.74349976
5/11/2023 0:00,-0.001698065,-0.011694846,4130.620117,17.53720093
5/12/2023 0:00,-0.001584562,0.002135942,4124.080078,17.5746994
5/15/2023 0:00,0.002953798,0.001225508,4136.279785,17.59625053
5/16/2023 0:00,-0.006398108,-0.009315158,4109.899902,17.43309975
5/17/2023 0:00,0.011820689,0.002703901,4158.77002,17.4803009
5/18/2023 0:00,0.009400723,0.007208878,4198.049805,17.60676956
5/19/2023 0:00,-0.001446914,0.006167798,4191.97998,17.71570015
5/22/2023 0:00,0.000155023,0.001714483,4192.629883,17.74609947
5/23/2023 0:00,-0.011285469,0.007511432,4145.580078,17.87989998
5/24/2023 0:00,-0.007345513,0.004369685,4115.240234,17.95820045
5/25/2023 0:00,0.008719456,-0.008852304,4151.279785,17.79993057
5/26/2023 0:00,0.012964681,0.002601654,4205.450195,17.84630013
5/30/2023 0:00,1.66E-05,-0.013964372,4205.52002,17.59881973
5/31/2023 0:00,-0.006127358,0.003226877,4179.830078,17.65570068
6/1/2023 0:00,0.009806215,0.001177376,4221.02002,17.67650032
6/2/2023 0:00,0.014429812,-0.007820563,4282.370117,17.53879929
6/5/2023 0:00,-0.002005591,0.0006612,4273.790039,17.55039978
6/6/2023 0:00,0.00235113,-0.005972067,4283.850098,17.44589996
6/7/2023 0:00,-0.003819294,-0.004492469,4267.52002,17.36770058
6/8/2023 0:00,0.006169572,-0.000714865,4293.930176,17.35528946
6/9/2023 0:00,0.001147401,0.0009739,4298.859863,17.37220001
6/12/2023 0:00,0.009277975,-0.005848182,4338.930176,17.27090073
6/13/2023 0:00,0.006908571,0.000768568,4369.009766,17.28417969
6/14/2023 0:00,0.00081909,-0.002919655,4372.589844,17.23378944
6/15/2023 0:00,0.01210458,-0.006192471,4425.839844,17.12739944
6/16/2023 0:00,-0.003678376,-6.01E-05,4409.589844,17.12636948
6/20/2023 0:00,-0.004746354,-0.003121085,4388.709961,17.07299995
6/21/2023 0:00,-0.005259086,0.007622723,4365.689941,17.20363998
6/22/2023 0:00,0.00370393,-0.005019639,4381.890137,17.11750031
6/23/2023 0:00,-0.007688288,0.00306233,4348.330078,17.17000008
6/26/2023 0:00,-0.004496934,-0.00133459,4328.819824,17.14710045
6/27/2023 0:00,0.011390734,-0.001756934,4378.410156,17.11700058
6/28/2023 0:00,-0.000354139,-0.00236891,4376.859863,17.07649994
6/29/2023 0:00,0.004463568,0.000374664,4396.439941,17.08289909
6/30/2023 0:00,0.01219435,0.00135722,4450.379883,17.10610008
7/3/2023 0:00,0.001169993,0.000859527,4455.589844,17.12080956
7/5/2023 0:00,-0.001970258,-0.00499528,4446.819824,17.03549957
7/6/2023 0:00,-0.007954061,-0.001728413,4411.589844,17.00608063
7/7/2023 0:00,-0.002869213,0.013174486,4398.950195,17.23160934
7/10/2023 0:00,0.002402139,-0.004872646,4409.529785,17.14785004
7/11/2023 0:00,0.006719584,-0.006027643,4439.259766,17.0447998
7/12/2023 0:00,0.007383905,-0.000933251,4472.160156,17.02890015
7/13/2023 0:00,0.008434483,-0.007809608,4510.040039,16.89642906
7/14/2023 0:00,-0.001024932,-0.002951659,4505.419922,16.8466301
7/17/2023 0:00,0.00384797,-0.006427187,4522.790039,16.73870087
7/18/2023 0:00,0.007092067,-0.001494753,4554.97998,16.71369934
7/19/2023 0:00,0.002355135,0.00229788,4565.720215,16.75214958
7/20/2023 0:00,-0.006779827,-0.002407326,4534.870117,16.71187019
7/21/2023 0:00,0.000324042,0.009174577,4536.339844,16.86590004
7/24/2023 0:00,0.004026038,0.006406624,4554.640137,16.97430038
7/25/2023 0:00,0.00281072,-0.008769242,4567.459961,16.8260994
7/26/2023 0:00,-0.000155451,0.005961075,4566.75,16.92670059
7/27/2023 0:00,-0.006445393,-0.003803622,4537.410156,16.86244011
7/28/2023 0:00,0.009829376,-0.000910176,4582.22998,16.8470993
7/31/2023 0:00,0.001467635,-0.009914107,4588.959961,16.68090057
8/1/2023 0:00,-0.002668645,0.003423174,4576.72998,16.73810005
8/2/2023 0:00,-0.013936201,0.008058527,4513.390137,16.87352943
8/3/2023 0:00,-0.002551225,0.007514265,4501.890137,17.00079918
8/4/2023 0:00,-0.005314169,0.01849757,4478.029785,17.31819916
8/7/2023 0:00,0.008983619,-0.013791225,4518.439941,17.08099937
8/8/2023 0:00,-0.004227205,-0.000954744,4499.379883,17.06469917
8/9/2023 0:00,-0.007063619,0.002440681,4467.709961,17.10639954
8/10/2023 0:00,0.000250683,-0.002757716,4468.830078,17.05928993
8/11/2023 0:00,-0.001070265,0.000492836,4464.049805,17.06769943
8/14/2023 0:00,0.005734005,-0.004328006,4489.720215,16.99398994
8/15/2023 0:00,-0.011618139,0.003014729,4437.859863,17.04529953
8/16/2023 0:00,-0.007584082,0.004879174,4404.330078,17.12866974
8/17/2023 0:00,-0.007742811,0.000899893,4370.359863,17.14409065
8/18/2023 0:00,-0.000148718,-0.002699101,4369.709961,17.09787941
8/21/2023 0:00,0.006855635,-0.004206975,4399.77002,17.02610016
8/22/2023 0:00,-0.002781331,-0.000781455,4387.549805,17.01280022
8/23/2023 0:00,0.010984331,-0.006270793,4436.009766,16.90645027
8/24/2023 0:00,-0.013549354,-0.007561133,4376.310059,16.77910042
8/25/2023 0:00,0.006695501,0.003065179,4405.709961,16.83061028
8/28/2023 0:00,0.006245079,-0.006665458,4433.310059,16.71879959
8/29/2023 0:00,0.014404069,0.004011354,4497.629883,16.7859993
8/30/2023 0:00,0.003825854,4.17E-05,4514.870117,16.7866993
8/31/2023 0:00,-0.001598213,-0.001763045,4507.660156,16.75712967
9/1/2023 0:00,0.001797513,0.014284839,4515.77002,16.99822044
9/5/2023 0:00,-0.004202998,0.0104091,4496.830078,17.1760807
9/6/2023 0:00,-0.006996014,0.011951992,4465.47998,17.38260078
9/7/2023 0:00,-0.003216433,0.011229533,4451.140137,17.57889938
9/8/2023 0:00,0.001425606,-9.10E-05,4457.490234,17.57729912
9/11/2023 0:00,0.006700951,-0.001945233,4487.459961,17.54314041
9/12/2023 0:00,-0.005712169,-0.015053608,4461.899902,17.28103065
9/13/2023 0:00,0.001240862,-0.003921262,4467.439941,17.21339989
9/14/2023 0:00,0.008394586,-0.004821807,4505.100098,17.13059998
9/15/2023 0:00,-0.012234146,-0.001416043,4450.319824,17.10635948
9/18/2023 0:00,0.000721028,-0.003452623,4453.529785,17.04739952
9/19/2023 0:00,-0.002153327,0.004056878,4443.950195,17.11669922
9/20/2023 0:00,-0.009439204,-0.003033207,4402.200195,17.06485939
9/21/2023 0:00,-0.016536918,0.001598494,4330,17.09215927
9/22/2023 0:00,-0.002298237,0.006934666,4320.060059,17.21109962
9/25/2023 0:00,0.004014994,-0.002181226,4337.439941,17.17359924
9/26/2023 0:00,-0.014844165,0.012199942,4273.529785,17.38439941
9/27/2023 0:00,0.000229288,0.009196338,4274.509766,17.54500961
9/28/2023 0:00,0.005875877,0.008057561,4299.700195,17.68695068
9/29/2023 0:00,-0.00271326,-0.008403542,4288.049805,17.53894043
10/2/2023 0:00,7.94E-05,-0.008217825,4288.390137,17.39539909
10/3/2023 0:00,-0.013839396,0.015238018,4229.450195,17.66250038
10/4/2023 0:00,0.008077048,0.019450042,4263.75,18.00939941
10/5/2023 0:00,-0.001304881,-0.001739471,4258.189941,17.97809982
10/6/2023 0:00,0.011745642,0.016551421,4308.5,18.27813911
10/9/2023 0:00,0.006284068,-0.002746853,4335.660156,18.22800064
10/10/2023 0:00,0.005194476,-0.001115439,4358.240234,18.20767975
10/11/2023 0:00,0.00428382,-0.015143414,4376.950195,17.93403053
10/12/2023 0:00,-0.006266025,-0.005415593,4349.609863,17.83716965
10/13/2023 0:00,-0.005031496,0.007455393,4327.779785,17.97064972
10/16/2023 0:00,0.010538642,0.004405787,4373.629883,18.04999924
10/17/2023 0:00,-9.82E-05,-0.007953435,4373.200195,17.90700912
10/18/2023 0:00,-0.013490408,0.005279575,4314.600098,18.00180054
10/19/2023 0:00,-0.008519032,0.012882058,4278,18.23520088
10/20/2023 0:00,-0.012665149,0.004011608,4224.160156,18.30850029
10/23/2023 0:00,-0.001686992,-0.00588345,4217.040039,18.2010994
10/24/2023 0:00,0.007239524,-0.003787152,4247.680176,18.13229942
10/25/2023 0:00,-0.014443435,0.006967066,4186.77002,18.25906944
10/26/2023 0:00,-0.011903081,0.003735307,4137.22998,18.32740021
10/27/2023 0:00,-0.004811839,-0.010487281,4117.370117,18.13619995
10/30/2023 0:00,0.011938474,-0.001694746,4166.819824,18.10548973
10/31/2023 0:00,0.006454085,-0.003174803,4193.799805,18.04809952
11/1/2023 0:00,0.010451195,-7.76E-05,4237.859863,18.04669952
11/2/2023 0:00,0.018682939,-0.015881763,4317.779785,17.76235008
11/3/2023 0:00,0.009349884,-0.01333848,4358.339844,17.52700043
11/6/2023 0:00,0.001751458,-0.003135544,4365.97998,17.47212982
11/7/2023 0:00,0.002836093,0.003608922,4378.379883,17.5352993
11/8/2023 0:00,0.001004411,-0.003719404,4382.779785,17.47019958
11/9/2023 0:00,-0.008116691,0.00314329,4347.350098,17.52519989
11/10/2023 0:00,0.015495759,0.01496069,4415.240234,17.78936005
11/13/2023 0:00,-0.000836188,-0.007502166,4411.549805,17.65640068
11/14/2023 0:00,0.01889537,-0.003193803,4495.700195,17.60009956
11/15/2023 0:00,0.001595738,-0.015321181,4502.879883,17.33250046
11/16/2023 0:00,0.001189719,-0.00209833,4508.240234,17.29616928
11/17/2023 0:00,0.001281228,-0.004076814,4514.02002,17.22579956
11/20/2023 0:00,0.007363104,-0.000355273,4547.379883,17.21968079
11/21/2023 0:00,-0.002022976,-0.006346586,4538.189941,17.11074066
11/22/2023 0:00,0.004052905,0.004598174,4556.620117,17.18959999
11/24/2023 0:00,0.000596696,-0.000180325,4559.339844,17.18650055
11/27/2023 0:00,-0.001956069,-0.00423561,4550.430176,17.11385918
11/28/2023 0:00,0.000979639,0.002610884,4554.890137,17.15859985
11/29/2023 0:00,-0.000946697,-0.0021937,4550.580078,17.12100029
11/30/2023 0:00,0.003776931,0.009406029,4567.799805,17.28280067
12/1/2023 0:00,0.005856559,0.005395429,4594.629883,17.37630081
12/4/2023 0:00,-0.005423188,-0.01085153,4569.779785,17.18876076
12/5/2023 0:00,-0.000569032,0.015318832,4567.180176,17.45409966
12/6/2023 0:00,-0.003913852,-0.005503823,4549.339844,17.35829926
12/7/2023 0:00,0.007936611,-0.004089333,4585.589844,17.28746033
12/8/2023 0:00,0.004087134,0.010621043,4604.370117,17.47204971
12/11/2023 0:00,0.003916814,-0.00717714,4622.439941,17.3470993
12/12/2023 0:00,0.004588813,0.001313503,4643.700195,17.36989975
12/13/2023 0:00,0.013558345,-0.003814959,4707.089844,17.30376053
12/14/2023 0:00,0.002643565,-0.002401208,4719.549805,17.26226044
12/15/2023 0:00,-7.63E-05,-0.00417271,4719.189941,17.1903801
12/18/2023 0:00,0.004518122,0.001791307,4740.560059,17.22120094
12/19/2023 0:00,0.005849267,-0.003402775,4768.370117,17.16270065
12/20/2023 0:00,-0.014793148,-0.006013691,4698.350098,17.05979919
12/21/2023 0:00,0.010248769,0.004291531,4746.75,17.13316917
12/22/2023 0:00,0.001658682,-0.005965291,4754.629883,17.03126907
12/26/2023 0:00,0.004222761,-0.003297518,4774.75,16.97520065
12/27/2023 0:00,0.001429436,-9.43E-05,4781.580078,16.97360039
12/28/2023 0:00,0.000370106,-0.003541132,4783.350098,16.91360092
12/29/2023 0:00,-0.002830477,0.00222057,4769.830078,16.95120049
1/2/2024 0:00,-0.005676661,0.000666908,4742.830078,16.96250916
1/3/2024 0:00,-0.008048618,0.003348284,4704.810059,17.01939964
1/4/2024 0:00,-0.003434272,-0.000426065,4688.680176,17.01214981
1/5/2024 0:00,0.001824022,-0.000208671,4697.240234,17.00860023
1/8/2024 0:00,0.014015945,-0.007533968,4763.540039,16.88093948
1/9/2024 0:00,-0.001478994,-0.002802304,4756.5,16.83370018
1/10/2024 0:00,0.005649981,0.007867375,4783.450195,16.96665955
1/11/2024 0:00,-0.000671281,0.000883773,4780.240234,16.98166084
1/12/2024 0:00,0.000750694,-0.004728073,4783.830078,16.90155983
1/16/2024 0:00,-0.003738319,-0.000992109,4765.97998,16.88479996
1/17/2024 0:00,-0.005632731,0.018373522,4739.209961,17.19790077
1/18/2024 0:00,0.008766721,-0.000308255,4780.939941,17.19260025
1/19/2024 0:00,0.012238308,-0.001410933,4839.810059,17.16835976
1/22/2024 0:00,0.002191921,-0.00439039,4850.430176,17.09314919
1/23/2024 0:00,0.002917115,0.004759607,4864.600098,17.17469978
1/24/2024 0:00,0.000811599,0.007619417,4868.549805,17.30606079
1/25/2024 0:00,0.005246578,-0.004163345,4894.160156,17.23415947
1/26/2024 0:00,-0.000651998,-0.002594651,4890.970215,17.18950081
1/29/2024 0:00,0.007528366,-0.00121553,4927.930176,17.16861916
1/30/2024 0:00,-0.00060083,0.002962733,4924.970215,17.21956062
1/31/2024 0:00,-0.016236852,-0.003889807,4845.649902,17.15270996
2/1/2024 0:00,0.012416286,0.003771834,4906.189941,17.2175293
2/2/2024 0:00,0.010627771,-0.008751989,4958.609863,17.06749916
2/5/2024 0:00,-0.003191425,0.004862389,4942.810059,17.15069008
2/6/2024 0:00,0.002307746,-0.002427905,4954.22998,17.10910034
2/7/2024 0:00,0.008207683,-0.004751465,4995.060059,17.02799988
2/8/2024 0:00,0.000570421,0.001021368,4997.910156,17.04540062
2/9/2024 0:00,0.005725917,0.00505017,5026.609863,17.13170052
2/12/2024 0:00,-0.000949404,-0.003289995,5021.839844,17.07542992
2/13/2024 0:00,-0.013768609,-0.000449252,4953.169922,17.06776047
2/14/2024 0:00,0.009534168,0.00783486,5000.620117,17.2020092
2/15/2024 0:00,0.005804373,-0.007399124,5029.72998,17.07519913
2/16/2024 0:00,-0.004815044,-0.00205353,5005.569824,17.04017067
2/20/2024 0:00,-0.006023426,-0.00035041,4975.509766,17.03420067
2/21/2024 0:00,0.001263401,0.001501644,4981.799805,17.05979919
2/22/2024 0:00,0.020902889,-0.001566254,5087.029785,17.03310013
2/23/2024 0:00,0.000347887,0.004349086,5088.799805,17.10733986
2/26/2024 0:00,-0.003793939,0.000385134,5069.529785,17.11392975
2/27/2024 0:00,0.001704896,-0.001885059,5078.180176,17.08169937
2/28/2024 0:00,-0.001659531,-0.000863284,5069.759766,17.06695938
2/29/2024 0:00,0.00521547,0.001191065,5096.27002,17.08729935
3/1/2024 0:00,0.007975936,-0.002181721,5137.080078,17.05006027
3/4/2024 0:00,-0.001193975,-0.002389323,5130.950195,17.0093708
3/5/2024 0:00,-0.010245406,-0.003197483,5078.649902,16.9550705
3/6/2024 0:00,0.005127933,-0.001355687,5104.759766,16.9321003
3/7/2024 0:00,0.010251402,-0.003804781,5157.359863,16.86779976
3/8/2024 0:00,-0.006549923,-0.000183766,5123.689941,16.86470032
3/11/2024 0:00,-0.001122868,-0.003628396,5117.939941,16.80361938
3/12/2024 0:00,0.011139513,-0.000276771,5175.27002,16.79896927
3/13/2024 0:00,-0.001926384,-0.000873615,5165.310059,16.78429985
3/14/2024 0:00,-0.002875221,-0.006873377,5150.47998,16.6693306
3/15/2024 0:00,-0.006504023,0.001949576,5117.089844,16.70186043
3/18/2024 0:00,0.006298184,0.001109406,5149.419922,16.72039986
3/19/2024 0:00,0.005633253,0.006584592,5178.509766,16.83086014
3/20/2024 0:00,0.008864766,-0.001841177,5224.620117,16.79990005
3/21/2024 0:00,0.003231309,-0.007900234,5241.529785,16.66769981
3/22/2024 0:00,-0.001403172,0.003539575,5234.180176,16.72680092
3/25/2024 0:00,-0.00305964,0.001881426,5218.189941,16.75830078
3/26/2024 0:00,-0.002803722,-0.005241013,5203.580078,16.67070007
3/27/2024 0:00,0.008593596,-0.002348226,5248.490234,16.63159943
3/28/2024 0:00,0.001115863,-0.004876115,5254.350098,16.55069923
4/1/2024 0:00,-0.002015615,0.000287029,5243.77002,16.55545044
4/2/2024 0:00,-0.007265388,0.00321735,5205.810059,16.60880089
4/3/2024 0:00,0.001090528,-0.003552666,5211.490234,16.54990005
4/4/2024 0:00,-0.012411036,-0.00138463,5147.209961,16.52700043
4/5/2024 0:00,0.01103805,0.002791514,5204.339844,16.57320023
4/8/2024 0:00,-0.000374701,-0.007339917,5202.390137,16.45199966
4/9/2024 0:00,0.001444449,-0.008404973,5209.910156,16.31430054
4/10/2024 0:00,-0.009501982,0.004221096,5160.640137,16.38331032
4/11/2024 0:00,0.007417222,0.004214251,5199.060059,16.45249939
4/12/2024 0:00,-0.014657588,-0.001605885,5123.410156,16.42609978
4/15/2024 0:00,-0.012094196,0.011198433,5061.819824,16.61108017
4/16/2024 0:00,-0.002058625,0.005003428,5051.410156,16.69440079
4/17/2024 0:00,-0.005797375,0.020099246,5022.209961,17.03334045
4/18/2024 0:00,-0.002210602,-0.004533137,5011.120117,16.95630074
4/19/2024 0:00,-0.00879713,0.006973615,4967.22998,17.07496071
4/22/2024 0:00,0.008693351,0.000997358,5010.600098,17.09199905
4/23/2024 0:00,0.011893567,0.002628242,5070.549805,17.13698006
4/24/2024 0:00,0.000212987,-0.011018089,5071.629883,16.94919968
4/25/2024 0:00,-0.004586934,0.007107825,5048.419922,17.07010078
4/26/2024 0:00,0.010157381,0.007686219,5099.959961,17.20181084
4/29/2024 0:00,0.003173408,-0.002197629,5116.169922,17.16404915
4/30/2024 0:00,-0.015855551,-0.008923892,5035.689941,17.01156044
5/1/2024 0:00,-0.003441353,0.008100341,5018.390137,17.14991951
5/2/2024 0:00,0.009087025,-0.012988963,5064.200195,16.92860031
5/3/2024 0:00,0.012478558,0.001953369,5127.790039,16.96170044
5/6/2024 0:00,0.010273174,0.001093656,5180.740234,16.98026085
5/7/2024 0:00,0.001342528,-0.005724157,5187.700195,16.88334084
5/8/2024 0:00,-5.84E-06,0.001226465,5187.669922,16.90406036
5/9/2024 0:00,0.005078033,0.000706654,5214.080078,16.9160099
5/10/2024 0:00,0.00164804,-0.008102658,5222.680176,16.77949905
5/13/2024 0:00,-0.000241333,-0.000733222,5221.419922,16.76720047
5/14/2024 0:00,0.004826149,0.00095372,5246.680176,16.78319931
5/15/2024 0:00,0.011647828,0.003625669,5308.149902,16.84416008
5/16/2024 0:00,-0.002083837,-0.009730022,5297.100098,16.68106079
5/17/2024 0:00,0.001164096,-0.00017393,5303.27002,16.67815971
5/20/2024 0:00,0.00091597,-0.005523015,5308.129883,16.5862999
5/21/2024 0:00,0.00249875,-0.00203565,5321.410156,16.55257034
5/22/2024 0:00,-0.002709791,0.003258798,5307.009766,16.60659981
5/23/2024 0:00,-0.007408162,0.003308314,5267.839844,16.66163063
5/24/2024 0:00,0.006976649,0.004117096,5304.720215,16.73036957
5/28/2024 0:00,0.000248771,-0.004073367,5306.040039,16.66235924
5/29/2024 0:00,-0.007394317,0.007118933,5266.950195,16.78140068
5/30/2024 0:00,-0.005992958,0.013975759,5235.47998,17.01758003
5/31/2024 0:00,0.007995824,-0.000691331,5277.509766,17.00581932
6/3/2024 0:00,0.00111546,-0.001955264,5283.399902,16.97260094
6/4/2024 0:00,0.001501681,0.041988594,5291.339844,17.70042992
6/5/2024 0:00,0.011778016,0.006278442,5354.029785,17.81191063
6/6/2024 0:00,-0.000199837,-0.01746651,5352.959961,17.50349998
6/7/2024 0:00,-0.001115842,0.021279623,5346.990234,17.87995911
6/10/2024 0:00,0.00257753,0.024632123,5360.790039,18.32584953
6/11/2024 0:00,0.002706715,0.013353788,5375.319824,18.57221031
6/12/2024 0:00,0.00846772,0.000452698,5421.029785,18.58061981
6/13/2024 0:00,0.002341911,0.009295482,5433.740234,18.75414085
6/14/2024 0:00,-0.000393938,-0.018239238,5431.600098,18.41518021
6/17/2024 0:00,0.007635164,0.0022033,5473.22998,18.4557991
6/18/2024 0:00,0.002518154,0.003521228,5487.029785,18.52090073
6/20/2024 0:00,-0.002529127,-0.00505897,5473.169922,18.42744064
6/21/2024 0:00,-0.001563352,-0.004626635,5464.620117,18.34238052
6/24/2024 0:00,-0.003069879,-0.011657852,5447.870117,18.12978935
6/25/2024 0:00,0.003925874,-0.010260523,5469.299805,17.94471931
6/26/2024 0:00,0.001571196,0.009240143,5477.899902,18.11129951
6/27/2024 0:00,0.00090691,0.01041971,5482.870117,18.3010006
6/28/2024 0:00,-0.004092013,0.00701153,5460.47998,18.42976952
7/1/2024 0:00,0.002671991,-0.00896414,5475.089844,18.26530075
7/2/2024 0:00,0.006176206,0.005519769,5509.009766,18.36639977
7/3/2024 0:00,0.005071562,-0.00623732,5537.02002,18.25219917
7/5/2024 0:00,0.005433974,-0.009457071,5567.189941,18.08040047
7/8/2024 0:00,0.001016182,0.000435695,5572.850098,18.08827972
7/9/2024 0:00,0.000740797,-0.006360163,5576.97998,17.97360039
7/10/2024 0:00,0.010156315,-0.004363694,5633.910156,17.89533997
7/11/2024 0:00,-0.00880165,-0.003291702,5584.540039,17.83653069
7/12/2024 0:00,0.005501864,-0.004679498,5615.350098,17.75325966
7/15/2024 0:00,0.002822216,-0.00307623,5631.220215,17.69873047
7/16/2024 0:00,0.00636905,0.000963947,5667.200195,17.71579933
7/17/2024 0:00,-0.014025442,-0.003697323,5588.27002,17.65041924
7/18/2024 0:00,-0.007847112,0.003945673,5544.589844,17.72019958
7/19/2024 0:00,-0.007165879,0.013358327,5505,17.95849991
7/22/2024 0:00,0.010734217,0.000674622,5564.410156,17.9706192
7/23/2024 0:00,-0.001559318,-0.002229451,5555.740234,17.93059921
7/24/2024 0:00,-0.023421242,0.012886153,5427.129883,18.16315079
7/25/2024 0:00,-0.005155889,0.010796908,5399.220215,18.36031914
7/26/2024 0:00,0.01102942,0.004324998,5459.100098,18.43989944
7/29/2024 0:00,0.00081298,-0.000683531,5463.540039,18.4272995
7/30/2024 0:00,-0.004972514,0.011524839,5436.439941,18.64089966
7/31/2024 0:00,0.015669981,0.005985001,5522.299805,18.75279999
8/1/2024 0:00,-0.013788124,-0.006031149,5446.680176,18.64003944
8/2/2024 0:00,-0.018552907,0.015108438,5346.560059,18.92379951
8/5/2024 0:00,-0.030427041,0.031451037,5186.330078,19.52843094
8/6/2024 0:00,0.010300849,-0.017220495,5240.029785,19.19502068
8/7/2024 0:00,-0.007764715,0.020050782,5199.5,19.58378029
8/8/2024 0:00,0.02278114,-0.012799804,5319.310059,19.33470917
8/9/2024 0:00,0.004660798,-0.024844314,5344.160156,18.86026955
8/12/2024 0:00,4.30E-05,-0.002021112,5344.390137,18.82218933
8/13/2024 0:00,0.016707233,0.012544905,5434.430176,19.05979919
8/14/2024 0:00,0.003816437,-0.003243478,5455.209961,18.9980793
8/15/2024 0:00,0.01600449,-0.009858824,5543.220215,18.81170082
8/16/2024 0:00,0.001987802,-0.009373137,5554.25,18.63619995
8/19/2024 0:00,0.009675327,-0.000554974,5608.25,18.62586021
8/20/2024 0:00,-0.001986527,0.002105037,5597.120117,18.66510963
8/21/2024 0:00,0.004230715,0.018301256,5620.850098,19.00984955
8/22/2024 0:00,-0.008972942,0.013962184,5570.640137,19.27713013
8/23/2024 0:00,0.011417937,0.010992352,5634.609863,19.49020004
8/26/2024 0:00,-0.00315871,-0.014363694,5616.839844,19.21224976
8/27/2024 0:00,0.001593925,0.008409699,5625.799805,19.37450027
8/28/2024 0:00,-0.005993901,0.020248301,5592.180176,19.77079964
8/29/2024 0:00,-3.94E-05,-0.005396184,5591.959961,19.6644001
8/30/2024 0:00,0.010042457,0.008597816,5648.399902,19.83419991
9/3/2024 0:00,-0.021377963,0.000110872,5528.930176,19.83639908
9/4/2024 0:00,-0.001603829,-0.002068969,5520.069824,19.79540062
9/5/2024 0:00,-0.003022581,0.007716843,5503.410156,19.94874954
9/6/2024 0:00,-0.017410945,-0.003382842,5408.419922,19.88138008
9/9/2024 0:00,0.011513534,0.002954216,5471.049805,19.94020081
9/10/2024 0:00,0.0044627,-0.002451827,5495.52002,19.89137077
9/11/2024 0:00,0.010608556,0.009906841,5554.129883,20.08941078
9/12/2024 0:00,0.007467352,-0.014717986,5595.759766,19.79590034
9/13/2024 0:00,0.005393142,-0.013994318,5626.02002,19.52079964
9/16/2024 0:00,0.001255841,-0.019062917,5633.089844,19.1522007
9/17/2024 0:00,0.000264515,0.002784314,5634.580078,19.20560074
9/18/2024 0:00,-0.002900659,-0.004700847,5618.259766,19.11553001
9/19/2024 0:00,0.016834357,0.00666034,5713.640137,19.24327087
9/20/2024 0:00,-0.001942914,0.002943622,5702.549805,19.29999924
9/23/2024 0:00,0.002805334,0.003959043,5718.569824,19.37656021
9/24/2024 0:00,0.002508031,0.002002443,5732.930176,19.41539955
9/25/2024 0:00,-0.001862983,-0.005536623,5722.259766,19.30820084
9/26/2024 0:00,0.004030542,0.016865278,5745.370117,19.63660049
9/27/2024 0:00,-0.001254003,-0.001053761,5738.169922,19.61591911
9/30/2024 0:00,0.004227604,0.000743083,5762.47998,19.63050079
10/1/2024 0:00,-0.009367849,0.001684738,5708.75,19.66360092
10/2/2024 0:00,0.000138381,-0.001891619,5709.540039,19.62644005
10/3/2024 0:00,-0.001682829,-0.011182018,5699.939941,19.40819931
10/4/2024 0:00,0.008930256,-0.0037528,5751.069824,19.33550072
10/7/2024 0:00,-0.009632264,-0.003046747,5695.939941,19.27667999
10/8/2024 0:00,0.009642707,0.000673694,5751.129883,19.28967094
10/9/2024 0:00,0.007088231,0.002884889,5792.040039,19.34539986
10/10/2024 0:00,-0.002072269,0.006289141,5780.049805,19.46744919
10/11/2024 0:00,0.006033609,-0.001493293,5815.029785,19.43840027
10/14/2024 0:00,0.007678115,-0.007169266,5859.850098,19.29953957
10/15/2024 0:00,-0.007638566,0.006528516,5815.259766,19.4259491
10/16/2024 0:00,0.004668233,0.013760159,5842.470215,19.69510078
10/17/2024 0:00,-0.000171175,0.010284525,5841.470215,19.89870071
10/18/2024 0:00,0.003963687,-0.004123841,5864.669922,19.81681061
10/21/2024 0:00,-0.001824433,0.002608025,5853.97998,19.86856079
10/22/2024 0:00,-0.000474967,0.004631736,5851.200195,19.96080017
10/23/2024 0:00,-0.009233824,-0.001233225,5797.419922,19.93619919
10/24/2024 0:00,0.002143473,-0.005217124,5809.859863,19.8324604
10/25/2024 0:00,-0.000299492,-0.000921185,5808.120117,19.81419945
10/28/2024 0:00,0.002647935,0.006658346,5823.52002,19.94656944
10/29/2024 0:00,0.001612826,0.004111068,5832.919922,20.02873993
10/30/2024 0:00,-0.003305692,0.001249406,5813.669922,20.0537796
10/31/2024 0:00,-0.018790135,0.005478237,5705.450195,20.16394043
11/1/2024 0:00,0.004084158,-0.00563233,5728.799805,20.0506897
11/4/2024 0:00,-0.002816045,0.001551353,5712.689941,20.08181953
11/5/2024 0:00,0.012191031,0.000601415,5782.759766,20.09390068
11/6/2024 0:00,0.024981281,0.001874371,5929.040039,20.13159943
11/7/2024 0:00,0.007403754,0.001757378,5973.100098,20.16700935
11/8/2024 0:00,0.003749794,-0.018690953,5995.540039,19.79356956
11/11/2024 0:00,0.000968594,0.017231596,6001.350098,20.13759995
11/12/2024 0:00,-0.002896851,0.009976118,5983.990234,20.33950043
11/13/2024 0:00,0.000232201,0.011886123,5985.379883,20.58270073
11/14/2024 0:00,-0.006068109,-0.003128899,5949.169922,20.51840019
11/15/2024 0:00,-0.013291431,-0.003896758,5870.620117,20.43860054
11/18/2024 0:00,0.00391016,-0.004041204,5893.620117,20.35617065
11/19/2024 0:00,0.003955751,-0.00704382,5916.97998,20.21328926
11/20/2024 0:00,2.20E-05,-0.005136981,5917.109863,20.10972023
11/21/2024 0:00,0.005326252,0.008166569,5948.709961,20.27462006
11/22/2024 0:00,0.00346196,0.006856944,5969.339844,20.41411972
11/25/2024 0:00,0.003015928,-0.003104635,5987.370117,20.35083961
11/26/2024 0:00,0.005705697,0.011220356,6021.629883,20.58046913
11/27/2024 0:00,-0.003808481,0.003493859,5998.740234,20.65250015
11/29/2024 0:00,0.00559212,-0.010528586,6032.379883,20.43619919
12/2/2024 0:00,0.002445464,-0.002821947,6047.149902,20.37861061
12/3/2024 0:00,0.000451347,0.001387248,6049.879883,20.40690041
12/4/2024 0:00,0.006033182,-0.005060125,6086.490234,20.30389977
12/5/2024 0:00,-0.001871526,0.000233414,6075.109863,20.30863953
12/6/2024 0:00,0.002492345,-0.005769848,6090.27002,20.19179916
12/9/2024 0:00,-0.006163167,-0.001035551,6052.850098,20.17090034
12/10/2024 0:00,-0.002968284,0.003711276,6034.910156,20.2458992
12/11/2024 0:00,0.008132626,-0.00421408,6084.189941,20.16076088
12/12/2024 0:00,-0.005428731,-0.002312122,6051.25,20.11420059
12/13/2024 0:00,-2.65E-05,0.003815809,6051.089844,20.19109917
12/16/2024 0:00,0.003792155,-0.004252483,6074.080078,20.10541916
12/17/2024 0:00,-0.003871479,0.001411579,6050.609863,20.13381958
12/18/2024 0:00,-0.029936505,0.001981283,5872.160156,20.17374992
12/19/2024 0:00,-0.000865487,0.009911711,5867.080078,20.37470055
12/20/2024 0:00,0.010810479,-0.001999618,5930.850098,20.33399963
12/23/2024 0:00,0.00726085,-0.01339555,5974.069824,20.06343079
12/24/2024 0:00,0.010982233,0.005262856,6040.040039,20.16930008
12/26/2024 0:00,-0.000405741,-0.000627932,6037.589844,20.1566391
12/27/2024 0:00,-0.011117305,0.002386465,5970.839844,20.20479965
12/30/2024 0:00,-0.010759674,0.005349236,5906.939941,20.31316948
12/31/2024 0:00,-0.004294006,0.015583555,5881.629883,20.63220024
