Date,Precio_S&500,LogRend_S&500,Precio_USD/MXN,LogRend_USD/MXN
2018-01-03 00:00:00,2713.060059,0.006378433,19.35110092,-0.007531825
2018-01-04 00:00:00,2723.98999,0.004020543,19.3069706,-0.002283112
2018-01-05 00:00:00,2743.149902,0.007009146,19.17399979,-0.006911018
2018-01-08 00:00:00,2747.709961,0.001660964,19.1921196,0.000944574
2018-01-09 00:00:00,2751.290039,0.001302084,19.2446804,0.002734923
2018-01-10 00:00:00,2748.22998,-0.001112846,19.26300049,0.000951503
2018-01-11 00:00:00,2767.560059,0.007009026,19.21537018,-0.002475694
2018-01-12 00:00:00,2786.23999,0.006726926,19.03300095,-0.009536124
2018-01-16 00:00:00,2776.419922,-0.003530713,18.75250053,-0.014847259
2018-01-17 00:00:00,2802.560059,0.009371006,18.71685028,-0.001902903
2018-01-18 00:00:00,2798.030029,-0.001617697,18.58690071,-0.006967133
2018-01-19 00:00:00,2810.300049,0.004375648,18.62054062,0.001808236
2018-01-22 00:00:00,2832.969971,0.008034364,18.70778084,0.004674219
2018-01-23 00:00:00,2839.129883,0.002172005,18.67329979,-0.00184484
2018-01-24 00:00:00,2837.540039,-0.000560133,18.53503036,-0.00743221
2018-01-25 00:00:00,2839.25,0.000602439,18.6094799,0.004008648
2018-01-26 00:00:00,2872.870117,0.011771638,18.47649956,-0.007171493
2018-01-29 00:00:00,2853.530029,-0.006754736,18.5977993,0.006543626
2018-01-30 00:00:00,2822.429932,-0.010958643,18.76597977,0.009002387
2018-01-31 00:00:00,2823.810059,0.000488866,18.58709908,-0.009577902
2018-02-01 00:00:00,2821.97998,-0.000648298,18.33300972,-0.013764497
2018-02-02 00:00:00,2762.129883,-0.021436681,18.57659912,0.013199432
2018-02-05 00:00:00,2648.939941,-0.041842541,18.81592941,0.012801143
2018-02-06 00:00:00,2695.139893,0.017290573,18.62129974,-0.010397747
2018-02-07 00:00:00,2681.659912,-0.005014138,18.77799988,0.008379892
2018-02-08 00:00:00,2581,-0.038259052,18.86910057,0.004839728
2018-02-09 00:00:00,2619.550049,0.014825645,18.68969917,-0.009553168
2018-02-12 00:00:00,2656,0.013818666,18.58810043,-0.005450911
2018-02-13 00:00:00,2662.939941,0.002609522,18.63430023,0.002482367
2018-02-14 00:00:00,2698.629883,0.01331344,18.55509949,-0.004259325
2018-02-15 00:00:00,2731.199951,0.011996862,18.50271988,-0.002826914
2018-02-16 00:00:00,2732.219971,0.0003734,18.50510025,0.000128642
2018-02-20 00:00:00,2716.26001,-0.005858517,18.70339966,0.010658924
2018-02-21 00:00:00,2701.330078,-0.005511664,18.83810043,0.007176131
2018-02-22 00:00:00,2703.959961,0.000973077,18.60390091,-0.012510153
2018-02-23 00:00:00,2747.300049,0.015901278,18.52009964,-0.004514676
2018-02-26 00:00:00,2779.600098,0.011688439,18.66379929,0.007729171
2018-02-27 00:00:00,2744.280029,-0.012788311,18.82900047,0.008812479
2018-02-28 00:00:00,2713.830078,-0.011157806,18.82509995,-0.000207177
2018-03-01 00:00:00,2677.669922,-0.013413966,18.84296989,0.000948812
2018-03-02 00:00:00,2691.25,0.005058785,18.80830956,-0.001841125
2018-03-05 00:00:00,2720.939941,0.010971618,18.7846508,-0.00125868
2018-03-06 00:00:00,2728.120117,0.002635383,18.84995079,0.003470214
2018-03-07 00:00:00,2726.800049,-0.000483992,18.69829941,-0.008077724
2018-03-08 00:00:00,2738.969971,0.004453148,18.625,-0.003927815
2018-03-09 00:00:00,2786.570068,0.017229547,18.60099983,-0.001289431
2018-03-12 00:00:00,2783.02002,-0.001274797,18.57589912,-0.001350339
2018-03-13 00:00:00,2765.310059,-0.00638391,18.59958076,0.001274046
2018-03-14 00:00:00,2749.47998,-0.00574097,18.57250023,-0.001457037
2018-03-15 00:00:00,2747.330078,-0.000782236,18.68729973,0.00616213
2018-03-16 00:00:00,2752.01001,0.001701998,18.6746006,-0.00067979
2018-03-19 00:00:00,2712.919922,-0.014306041,18.69729996,0.001214782
2018-03-20 00:00:00,2716.939941,0.001480709,18.7439003,0.002489256
2018-03-21 00:00:00,2711.929932,-0.001845692,18.44355011,-0.01615366
2018-03-22 00:00:00,2643.689941,-0.025484887,18.67394066,0.012414282
2018-03-23 00:00:00,2588.26001,-0.021189807,18.51009941,-0.008812507
2018-03-26 00:00:00,2658.550049,0.026795041,18.32773972,-0.009900754
2018-03-27 00:00:00,2612.620117,-0.017427286,18.38051987,0.002875657
2018-03-28 00:00:00,2605,-0.002920919,18.32155037,-0.003213418
2018-03-29 00:00:00,2640.870117,0.013675777,18.16819954,-0.008405195
2018-04-02 00:00:00,2581.879883,-0.022590682,18.22550011,0.00314893
2018-04-03 00:00:00,2614.449951,0.012535961,18.22326088,-0.00012287
2018-04-04 00:00:00,2644.689941,0.011500102,18.22326088,0
2018-04-05 00:00:00,2662.840088,0.006839421,18.09900093,-0.006842109
2018-04-06 00:00:00,2604.469971,-0.022164067,18.21820068,0.006564392
2018-04-09 00:00:00,2613.159912,0.003330995,18.30344009,0.004667894
2018-04-10 00:00:00,2656.870117,0.016588599,18.33119965,0.001515481
2018-04-11 00:00:00,2642.189941,-0.005540686,18.23859978,-0.005064292
2018-04-12 00:00:00,2663.98999,0.008216899,18.1935997,-0.002470348
2018-04-13 00:00:00,2656.300049,-0.0028908,18.1711998,-0.001231955
2018-04-16 00:00:00,2677.840088,0.008076337,18.05303001,-0.006524374
2018-04-17 00:00:00,2706.389893,0.010605072,17.99189949,-0.00339191
2018-04-18 00:00:00,2708.639893,0.00083102,18.02440071,0.001804807
2018-04-19 00:00:00,2693.129883,-0.005742582,18.07584953,0.002850332
2018-04-20 00:00:00,2670.139893,-0.008573177,18.44692993,0.02032119
2018-04-23 00:00:00,2670.290039,5.62301E-05,18.52009964,0.003958652
2018-04-24 00:00:00,2634.560059,-0.013470888,18.92670059,0.021717046
2018-04-25 00:00:00,2639.399902,0.001835374,18.81163025,-0.006098346
2018-04-26 00:00:00,2666.939941,0.010380144,18.8465004,0.001851932
2018-04-27 00:00:00,2669.909912,0.001113005,18.75830078,-0.004690879
2018-04-30 00:00:00,2648.050049,-0.008221193,18.63699913,-0.006487557
2018-05-01 00:00:00,2654.800049,0.002545802,18.69709969,0.003219609
2018-05-02 00:00:00,2635.669922,-0.007231951,18.93549919,0.01267001
2018-05-03 00:00:00,2629.72998,-0.002256218,19.09079933,0.008168084
2018-05-04 00:00:00,2663.419922,0.01272981,19.04590034,-0.002354635
2018-05-07 00:00:00,2672.629883,0.003451981,19.25449944,0.010892897
2018-05-08 00:00:00,2671.919922,-0.000265677,19.42510033,0.008821291
2018-05-09 00:00:00,2697.790039,0.009635648,19.54859924,0.006337573
2018-05-10 00:00:00,2723.070068,0.009327012,19.56719971,0.000951046
2018-05-11 00:00:00,2727.719971,0.001706139,19.23690033,-0.017024353
2018-05-14 00:00:00,2730.129883,0.0008831,19.3423996,0.00546923
2018-05-15 00:00:00,2711.449951,-0.006865655,19.57659912,0.012035374
2018-05-16 00:00:00,2722.459961,0.00405234,19.66939926,0.004729161
2018-05-17 00:00:00,2720.129883,-0.000856239,19.56259918,-0.005444553
2018-05-18 00:00:00,2712.969971,-0.002635665,19.74869919,0.009468087
2018-05-21 00:00:00,2733.01001,0.007359605,19.88985062,0.007121957
2018-05-22 00:00:00,2724.439941,-0.003140689,19.82360077,-0.003336396
2018-05-23 00:00:00,2733.290039,0.003243145,19.76243973,-0.003090033
2018-05-24 00:00:00,2727.76001,-0.002025263,19.63439941,-0.006500053
2018-05-25 00:00:00,2721.330078,-0.002360003,19.56640053,-0.003469264
2018-05-29 00:00:00,2689.860107,-0.011631573,19.58605003,0.001003743
2018-05-30 00:00:00,2724.01001,0.012615875,19.83984947,0.012874935
2018-05-31 00:00:00,2705.27002,-0.006903333,19.77519989,-0.003263893
2018-06-01 00:00:00,2734.620117,0.0107908,19.9034996,0.006466954
2018-06-04 00:00:00,2746.870117,0.004469595,19.94241905,0.001953498
2018-06-05 00:00:00,2748.800049,0.000702346,20.06331062,0.006043731
2018-06-06 00:00:00,2772.350098,0.008530901,20.39389992,0.016343028
2018-06-07 00:00:00,2770.370117,-0.000714444,20.29360008,-0.004930263
2018-06-08 00:00:00,2779.030029,0.003121029,20.41769981,0.006096593
2018-06-11 00:00:00,2782,0.001068137,20.32579994,-0.00451115
2018-06-12 00:00:00,2786.850098,0.001741867,20.56150055,0.01152941
2018-06-13 00:00:00,2775.629883,-0.004034255,20.69219971,0.006336382
2018-06-14 00:00:00,2782.48999,0.002468501,20.65430069,-0.00183324
2018-06-15 00:00:00,2779.659912,-0.00101762,20.83860016,0.00888348
2018-06-18 00:00:00,2773.75,-0.002128391,20.68281937,-0.00750367
2018-06-19 00:00:00,2762.590088,-0.004031518,20.54969978,-0.006457042
2018-06-20 00:00:00,2767.320068,0.00171069,20.51040077,-0.00191422
2018-06-21 00:00:00,2749.76001,-0.006365729,20.35950089,-0.007384435
2018-06-22 00:00:00,2754.879883,0.001860203,20.31030083,-0.00241949
2018-06-25 00:00:00,2717.070068,-0.013819723,20.03050041,-0.013872055
2018-06-26 00:00:00,2723.060059,0.002202151,19.90579987,-0.006244993
2018-06-27 00:00:00,2699.629883,-0.008641586,19.92259026,0.000843137
2018-06-28 00:00:00,2716.310059,0.00615968,20.15475082,0.011585757
2018-06-29 00:00:00,2718.370117,0.000758116,19.72929955,-0.021335216
2018-07-02 00:00:00,2726.709961,0.003063261,19.79430008,0.003289204
2018-07-03 00:00:00,2713.219971,-0.004959629,19.9640007,0.008536665
2018-07-05 00:00:00,2736.610107,0.008583857,19.4239006,-0.027426389
2018-07-06 00:00:00,2759.820068,0.008445518,19.25252914,-0.008861861
2018-07-09 00:00:00,2784.169922,0.008784291,19.06110001,-0.009992827
2018-07-10 00:00:00,2793.840088,0.003467249,19.17770004,0.006098539
2018-07-11 00:00:00,2774.02002,-0.007119486,19.01189995,-0.008683052
2018-07-12 00:00:00,2798.290039,0.008710992,19.05859947,0.002453319
2018-07-13 00:00:00,2801.310059,0.001078656,18.96969032,-0.004675956
2018-07-16 00:00:00,2798.429932,-0.001028665,18.90200996,-0.003574196
2018-07-17 00:00:00,2809.550049,0.003965824,18.83300018,-0.003657604
2018-07-18 00:00:00,2815.620117,0.002158182,18.88479996,0.002746703
2018-07-19 00:00:00,2804.48999,-0.003960827,18.88940048,0.00024358
2018-07-20 00:00:00,2801.830078,-0.000948898,19.03553009,0.007706294
2018-07-23 00:00:00,2806.97998,0.001836362,19.02106094,-0.000760402
2018-07-24 00:00:00,2820.399902,0.004769519,18.90239906,-0.006257987
2018-07-25 00:00:00,2846.070068,0.009060435,18.85470009,-0.002526624
2018-07-26 00:00:00,2837.439941,-0.003036903,18.65519905,-0.010637348
2018-07-27 00:00:00,2818.820068,-0.006583835,18.63240051,-0.001222848
2018-07-30 00:00:00,2802.600098,-0.005770789,18.6067009,-0.001380249
2018-07-31 00:00:00,2816.290039,0.004872837,18.53058052,-0.004099411
2018-08-01 00:00:00,2813.360107,-0.001040893,18.66489029,0.007221866
2018-08-02 00:00:00,2827.219971,0.00491435,18.59009933,-0.004015089
2018-08-03 00:00:00,2840.350098,0.004633432,18.63400078,0.002358766
2018-08-06 00:00:00,2850.399902,0.003531983,18.56864929,-0.003513274
2018-08-07 00:00:00,2858.449951,0.002820202,18.52659035,-0.00226762
2018-08-08 00:00:00,2857.699951,-0.000262414,18.44330025,-0.004505842
2018-08-09 00:00:00,2853.580078,-0.001442715,18.45759964,0.000775016
2018-08-10 00:00:00,2833.280029,-0.007139312,18.7215004,0.014196427
2018-08-13 00:00:00,2821.929932,-0.004014038,19.06769943,0.018323157
2018-08-14 00:00:00,2839.959961,0.00636893,19.13069916,0.003298556
2018-08-15 00:00:00,2818.370117,-0.007631209,18.8798008,-0.013201721
2018-08-16 00:00:00,2840.689941,0.007888215,19.18400002,0.015983989
2018-08-17 00:00:00,2850.129883,0.003317606,19.00749969,-0.009242977
2018-08-20 00:00:00,2857.050049,0.002425075,18.87820053,-0.006825777
2018-08-21 00:00:00,2862.959961,0.0020664,19.00354004,0.006617434
2018-08-22 00:00:00,2861.820068,-0.000398231,18.94376945,-0.003150191
2018-08-23 00:00:00,2856.97998,-0.001692694,18.76734924,-0.009356471
2018-08-24 00:00:00,2874.689941,0.006179706,19.00620079,0.012646666
2018-08-27 00:00:00,2896.73999,0.007641141,18.76759911,-0.012633352
2018-08-28 00:00:00,2897.52002,0.000269242,18.80014992,0.001732913
2018-08-29 00:00:00,2914.040039,0.005685242,19.06595039,0.014039198
2018-08-30 00:00:00,2901.129883,-0.004440172,18.92630005,-0.00735155
2018-08-31 00:00:00,2901.52002,0.000134468,19.09984016,0.009127475
2018-09-04 00:00:00,2896.719971,-0.001655692,19.18460083,0.00442795
2018-09-05 00:00:00,2888.600098,-0.002807063,19.36809921,0.009519425
2018-09-06 00:00:00,2878.050049,-0.003658991,19.33690071,-0.001612118
2018-09-07 00:00:00,2871.679932,-0.002215798,19.23253059,-0.005412077
2018-09-10 00:00:00,2877.129883,0.001896028,19.31389999,0.004221897
2018-09-11 00:00:00,2887.889893,0.003732866,19.26569939,-0.002498763
2018-09-12 00:00:00,2888.919922,0.000356608,19.20182037,-0.003321195
2018-09-13 00:00:00,2904.179932,0.005268352,19.02709961,-0.009140827
2018-09-14 00:00:00,2904.97998,0.000275444,18.83009911,-0.010407652
2018-09-17 00:00:00,2888.800049,-0.005585291,18.875,0.002381689
2018-09-18 00:00:00,2904.310059,0.005354653,18.91954041,0.002356977
2018-09-19 00:00:00,2907.949951,0.001252488,18.78829956,-0.00696096
2018-09-20 00:00:00,2930.75,0.007810014,18.75569916,-0.001736651
2018-09-21 00:00:00,2929.669922,-0.000368601,18.83589935,0.004266928
2018-09-24 00:00:00,2919.370117,-0.003521882,18.84416962,0.000438973
2018-09-25 00:00:00,2915.560059,-0.001305948,18.9658699,0.006437481
2018-09-26 00:00:00,2905.969971,-0.0032947,18.97529984,0.000497082
2018-09-27 00:00:00,2914,0.002759476,18.84897995,-0.006679326
2018-09-28 00:00:00,2913.97998,-6.87014E-06,18.78660011,-0.003314943
2018-10-01 00:00:00,2924.590088,0.003634492,18.6744194,-0.005989215
2018-10-02 00:00:00,2923.429932,-0.000396769,18.70789909,0.001791205
2018-10-03 00:00:00,2925.51001,0.000711267,18.78709984,0.004224609
2018-10-04 00:00:00,2901.610107,-0.008203035,19.03249931,0.012977553
2018-10-05 00:00:00,2885.570068,-0.005543315,19.10309982,0.003702608
2018-10-08 00:00:00,2884.429932,-0.000395195,18.76519012,-0.017847052
2018-10-09 00:00:00,2880.340088,-0.00141891,18.94335938,0.009449877
2018-10-10 00:00:00,2785.679932,-0.033416389,18.99165916,0.00254645
2018-10-11 00:00:00,2728.370117,-0.02078758,19.16377068,0.009021661
2018-10-12 00:00:00,2767.129883,0.014106235,18.97596931,-0.009848147
2018-10-15 00:00:00,2750.790039,-0.005922482,18.86700058,-0.005759011
2018-10-16 00:00:00,2809.919922,0.021267828,18.82010078,-0.002488906
2018-10-17 00:00:00,2809.209961,-0.000252694,18.75209045,-0.003620252
2018-10-18 00:00:00,2768.780029,-0.014496491,18.86560059,0.006034952
2018-10-19 00:00:00,2767.780029,-0.000361235,19.14049911,0.014466274
2018-10-22 00:00:00,2755.879883,-0.004308797,19.28019905,0.007272151
2018-10-23 00:00:00,2740.689941,-0.005527076,19.39249992,0.005807776
2018-10-24 00:00:00,2656.100098,-0.031350774,19.28897095,-0.00535291
2018-10-25 00:00:00,2705.570068,0.018453718,19.59757042,0.015872121
2018-10-26 00:00:00,2658.689941,-0.017479138,19.48176956,-0.005926466
2018-10-29 00:00:00,2641.25,-0.006581208,19.36980057,-0.005763953
2018-10-30 00:00:00,2682.629883,0.015545323,20.05290031,0.034658616
2018-10-31 00:00:00,2711.73999,0.010792879,20.06159973,0.000433729
2018-11-01 00:00:00,2740.370117,0.010502499,20.31509018,0.012556442
2018-11-02 00:00:00,2723.060059,-0.006336721,20.16180038,-0.007574224
2018-11-05 00:00:00,2738.310059,0.005584694,20.01049995,-0.007532611
2018-11-06 00:00:00,2755.449951,0.006239788,19.86860085,-0.007116495
2018-11-07 00:00:00,2813.889893,0.020987079,19.70660019,-0.008187024
2018-11-08 00:00:00,2806.830078,-0.002512069,19.86039925,0.007774147
2018-11-09 00:00:00,2781.01001,-0.009241586,20.16430092,0.015185998
2018-11-12 00:00:00,2726.219971,-0.019898151,20.10110092,-0.003139174
2018-11-13 00:00:00,2722.179932,-0.001483019,20.35281944,0.012444864
2018-11-14 00:00:00,2701.580078,-0.007596189,20.45549965,0.005032328
2018-11-15 00:00:00,2730.199951,0.010538033,20.38870049,-0.003270928
2018-11-16 00:00:00,2736.27002,0.002220838,20.24658966,-0.006994482
2018-11-19 00:00:00,2690.72998,-0.016783161,20.13990021,-0.005283435
2018-11-20 00:00:00,2641.889893,-0.018317996,20.36790085,0.011257241
2018-11-21 00:00:00,2649.929932,0.003038669,20.36739922,-2.46289E-05
2018-11-23 00:00:00,2632.560059,-0.00657642,20.29150009,-0.003733461
2018-11-26 00:00:00,2673.449951,0.015412976,20.4041996,0.005538659
2018-11-27 00:00:00,2682.169922,0.003256384,20.59370041,0.009244481
2018-11-28 00:00:00,2743.790039,0.022714051,20.45540047,-0.006738294
2018-11-29 00:00:00,2737.800049,-0.002185495,20.27359962,-0.008927401
2018-11-30 00:00:00,2760.169922,0.008137548,20.22480011,-0.002409949
2018-12-03 00:00:00,2790.370117,0.010882002,20.16069984,-0.003174422
2018-12-04 00:00:00,2700.060059,-0.032900229,20.33415031,0.008566597
2018-12-06 00:00:00,2695.949951,-0.001523388,20.50819969,0.008523037
2018-12-07 00:00:00,2633.080078,-0.023596335,20.33359909,-0.008550146
2018-12-10 00:00:00,2637.719971,0.001760603,20.27420044,-0.002925482
2018-12-11 00:00:00,2636.780029,-0.00035641,20.31509972,0.002015274
2018-12-12 00:00:00,2651.070068,0.005404871,20.17931938,-0.006706151
2018-12-13 00:00:00,2650.540039,-0.00019995,20.05190086,-0.006334332
2018-12-14 00:00:00,2599.949951,-0.019271212,20.27269936,0.010951166
2018-12-17 00:00:00,2545.939941,-0.020992285,20.14010048,-0.006562245
2018-12-18 00:00:00,2546.159912,8.63969E-05,20.06970024,-0.003501649
2018-12-19 00:00:00,2506.959961,-0.015515459,20.05624008,-0.000670896
2018-12-20 00:00:00,2467.419922,-0.015897809,20.08519936,0.001442862
2018-12-21 00:00:00,2416.620117,-0.02080312,19.86815071,-0.010865211
2018-12-24 00:00:00,2351.100098,-0.027486573,19.92077065,0.002644956
2018-12-26 00:00:00,2467.699951,0.048403178,19.95772934,0.001853565
2018-12-27 00:00:00,2488.830078,0.008526229,19.8932991,-0.003233557
2018-12-28 00:00:00,2485.73999,-0.001242354,19.68239975,-0.010658124
2018-12-31 00:00:00,2506.850098,0.008456626,19.64537048,-0.001883111
2019-01-02 00:00:00,2510.030029,0.001267693,19.62829971,-0.000869324
2019-01-03 00:00:00,2447.889893,-0.025068332,19.60770035,-0.001050024
2019-01-04 00:00:00,2531.939941,0.033759399,19.60449982,-0.000163242
2019-01-07 00:00:00,2549.689941,0.006985976,19.38190079,-0.011419441
2019-01-08 00:00:00,2574.409912,0.009648587,19.36462021,-0.000891981
2019-01-09 00:00:00,2584.959961,0.004089671,19.32789993,-0.001898056
2019-01-10 00:00:00,2596.639893,0.004508241,19.20590019,-0.006332111
2019-01-11 00:00:00,2596.26001,-0.000146309,19.13075066,-0.003920511
2019-01-14 00:00:00,2582.610107,-0.005271395,19.13890076,0.00042593
2019-01-15 00:00:00,2610.300049,0.010664619,18.97360039,-0.008674393
2019-01-16 00:00:00,2616.100098,0.002219521,18.97151947,-0.00010968
2019-01-17 00:00:00,2635.959961,0.007562731,18.8810997,-0.004777473
2019-01-18 00:00:00,2670.709961,0.013096913,18.99539948,0.006035411
2019-01-22 00:00:00,2632.899902,-0.014258477,19.14719963,0.007959655
2019-01-23 00:00:00,2638.699951,0.00220049,19.15239906,0.000271514
2019-01-24 00:00:00,2642.330078,0.00137478,19.02249908,-0.006805544
2019-01-25 00:00:00,2664.76001,0.008452868,19.01329994,-0.00048371
2019-01-28 00:00:00,2643.850098,-0.007877776,18.98884964,-0.001286785
2019-01-29 00:00:00,2640,-0.001457308,19.03754997,0.002561397
2019-01-30 00:00:00,2681.050049,0.01542961,19.09086037,0.002796363
2019-01-31 00:00:00,2704.100098,0.008560649,19.10527992,0.000755027
2019-02-01 00:00:00,2706.530029,0.000898207,19.09309959,-0.000637741
2019-02-04 00:00:00,2724.870117,0.006753381,19.08699989,-0.000319523
2019-02-05 00:00:00,2737.699951,0.00469737,19.0951004,0.000424309
2019-02-06 00:00:00,2731.610107,-0.002226916,19.02440071,-0.003709376
2019-02-07 00:00:00,2706.050049,-0.009401193,19.10919952,0.004447466
2019-02-08 00:00:00,2707.879883,0.000675973,19.0741806,-0.00183425
2019-02-11 00:00:00,2709.800049,0.000708852,19.07237053,-9.4901E-05
2019-02-12 00:00:00,2744.72998,0.012807853,19.28840065,0.011263194
2019-02-13 00:00:00,2753.030029,0.003019432,19.24270058,-0.002372115
2019-02-14 00:00:00,2745.72998,-0.002655163,19.41379929,0.008852319
2019-02-15 00:00:00,2775.600098,0.010820005,19.25845909,-0.008033719
2019-02-19 00:00:00,2779.76001,0.001497621,19.2432003,-0.00079263
2019-02-20 00:00:00,2784.699951,0.001775534,19.14109993,-0.005319915
2019-02-21 00:00:00,2774.879883,-0.003532669,19.21817017,0.004018342
2019-02-22 00:00:00,2792.669922,0.006390639,19.27420044,0.002911243
2019-02-25 00:00:00,2796.110107,0.001231104,19.12859917,-0.007582883
2019-02-26 00:00:00,2793.899902,-0.00079077,19.12100029,-0.000397331
2019-02-27 00:00:00,2792.379883,-0.000544197,19.18501091,0.00334207
2019-02-28 00:00:00,2784.48999,-0.002829508,19.16448975,-0.001070218
2019-03-01 00:00:00,2803.689941,0.006871657,19.26269913,0.005111464
2019-03-04 00:00:00,2792.810059,-0.003888107,19.26519966,0.000129804
2019-03-05 00:00:00,2789.649902,-0.001132173,19.29342079,0.001463804
2019-03-06 00:00:00,2771.449951,-0.006545474,19.25740051,-0.001868717
2019-03-07 00:00:00,2748.929932,-0.008158911,19.3491993,0.004755609
2019-03-08 00:00:00,2743.070068,-0.002133964,19.55279922,0.010467421
2019-03-11 00:00:00,2783.300049,0.014559536,19.48320007,-0.0035659
2019-03-12 00:00:00,2791.52002,0.002948966,19.39126968,-0.004729611
2019-03-13 00:00:00,2810.919922,0.006925547,19.33040047,-0.003143938
2019-03-14 00:00:00,2808.47998,-0.000868399,19.29005051,-0.002089565
2019-03-15 00:00:00,2822.47998,0.004972519,19.29859924,0.00044307
2019-03-18 00:00:00,2832.939941,0.003699097,19.20339966,-0.004945186
2019-03-19 00:00:00,2832.570068,-0.00013057,19.05637932,-0.007685411
2019-03-20 00:00:00,2824.22998,-0.002948697,18.99449921,-0.003252496
2019-03-21 00:00:00,2854.879883,0.010794015,18.79899979,-0.010345756
2019-03-22 00:00:00,2800.709961,-0.019156827,18.85000038,0.002709269
2019-03-25 00:00:00,2798.360107,-0.000839373,19.11664963,0.014046729
2019-03-26 00:00:00,2818.459961,0.007157053,19.0156002,-0.005299958
2019-03-27 00:00:00,2805.370117,-0.004655143,19.08810043,0.003805421
2019-03-28 00:00:00,2815.439941,0.003583055,19.36384964,0.01434278
2019-03-29 00:00:00,2834.399902,0.006711706,19.34530067,-0.000958376
2019-04-01 00:00:00,2867.189941,0.011502196,19.32939911,-0.000822324
2019-04-02 00:00:00,2867.23999,1.74556E-05,19.15929985,-0.008838977
2019-04-03 00:00:00,2873.399902,0.002146072,19.21610069,0.002960276
2019-04-04 00:00:00,2879.389893,0.002082465,19.21767044,8.16859E-05
2019-04-05 00:00:00,2892.73999,0.004625718,19.14679909,-0.003694639
2019-04-08 00:00:00,2895.77002,0.001046912,19.06130028,-0.004475436
2019-04-09 00:00:00,2878.199951,-0.006085976,18.98390007,-0.004068861
2019-04-10 00:00:00,2888.209961,0.003471838,18.91382027,-0.003698369
2019-04-11 00:00:00,2888.320068,3.81223E-05,18.8064003,-0.005695633
2019-04-12 00:00:00,2907.409912,0.006587578,18.81690025,0.000558162
2019-04-15 00:00:00,2905.580078,-0.000629567,18.7575798,-0.003157489
2019-04-16 00:00:00,2907.060059,0.000509228,18.85930061,0.005408267
2019-04-17 00:00:00,2900.449951,-0.002276401,18.86580086,0.000344611
2019-04-18 00:00:00,2905.030029,0.001577847,18.80200005,-0.003387555
2019-04-22 00:00:00,2907.969971,0.001011506,18.7677002,-0.001825932
2019-04-23 00:00:00,2933.679932,0.008802351,18.8260994,0.003106855
2019-04-24 00:00:00,2927.25,-0.002194169,18.90340042,0.00409765
2019-04-25 00:00:00,2926.169922,-0.000369042,19.06830025,0.008685461
2019-04-26 00:00:00,2939.879883,0.00467435,19.02268028,-0.002395317
2019-04-29 00:00:00,2943.030029,0.001070949,18.92860031,-0.004957944
2019-04-30 00:00:00,2945.830078,0.000950965,18.99839973,0.003680729
2019-05-01 00:00:00,2923.72998,-0.007530446,18.93815041,-0.003176324
2019-05-02 00:00:00,2917.52002,-0.002126245,18.98270035,0.002349629
2019-05-03 00:00:00,2945.639893,0.009592127,19.11319923,0.006851099
2019-05-06 00:00:00,2932.469971,-0.004481013,19.05789948,-0.00289747
2019-05-07 00:00:00,2884.050049,-0.016649488,18.99259949,-0.003432284
2019-05-08 00:00:00,2879.419922,-0.001606715,19.03993988,0.002489469
2019-05-09 00:00:00,2870.719971,-0.003025999,19.07069969,0.001614238
2019-05-10 00:00:00,2881.399902,0.003713394,19.22551918,0.008085411
2019-05-13 00:00:00,2811.870117,-0.024426469,19.12290001,-0.00535195
2019-05-14 00:00:00,2834.409912,0.007983988,19.20669937,0.004372574
2019-05-15 00:00:00,2850.959961,0.005821994,19.14340019,-0.003301125
2019-05-16 00:00:00,2876.320068,0.008855957,19.06080055,-0.00432412
2019-05-17 00:00:00,2859.530029,-0.005854437,19.0991993,0.002012513
2019-05-20 00:00:00,2840.22998,-0.006772258,19.13059998,0.001642734
2019-05-21 00:00:00,2864.360107,0.008459949,19.04630089,-0.004416242
2019-05-23 00:00:00,2822.23999,-0.014814085,18.98279953,-0.003339622
2019-05-24 00:00:00,2826.060059,0.001352644,19.03079987,0.002525431
2019-05-28 00:00:00,2802.389893,-0.00841095,19.0529995,0.001165831
2019-05-29 00:00:00,2783.02002,-0.00693591,19.18321037,0.006810894
2019-05-30 00:00:00,2788.860107,0.002096273,19.13548088,-0.002491187
2019-05-31 00:00:00,2752.060059,-0.013283205,19.52503967,0.020153478
2019-06-03 00:00:00,2744.449951,-0.002769071,19.6147995,0.00458663
2019-06-04 00:00:00,2803.27002,0.021205927,19.80331039,0.009564758
2019-06-05 00:00:00,2826.149902,0.008128727,19.56685066,-0.012012274
2019-06-06 00:00:00,2843.48999,0.006116841,19.74924088,0.009278212
2019-06-07 00:00:00,2873.340088,0.010442979,19.67428017,-0.003802846
2019-06-10 00:00:00,2886.72998,0.00464922,19.27910042,-0.020290578
2019-06-11 00:00:00,2885.719971,-0.000349941,19.20443916,-0.003880171
2019-06-12 00:00:00,2879.840088,-0.002039658,19.10610008,-0.005133799
2019-06-13 00:00:00,2891.639893,0.004089011,19.15979958,0.002806652
2019-06-14 00:00:00,2886.97998,-0.001612812,19.18110085,0.001111151
2019-06-17 00:00:00,2889.669922,0.000931315,19.13139915,-0.002594543
2019-06-18 00:00:00,2917.75,0.00967049,19.16620064,0.001817424
2019-06-19 00:00:00,2926.459961,0.002980717,19.12284088,-0.002264866
2019-06-20 00:00:00,2954.179932,0.009427605,19.00740051,-0.006055074
2019-06-21 00:00:00,2950.459961,-0.001260016,18.98889923,-0.000973847
2019-06-24 00:00:00,2945.350098,-0.001733388,19.0990696,0.005785064
2019-06-25 00:00:00,2917.379883,-0.009541776,19.19490051,0.005005024
2019-06-26 00:00:00,2913.780029,-0.001234696,19.21800041,0.001202716
2019-06-27 00:00:00,2924.919922,0.003815886,19.13669968,-0.004239421
2019-06-28 00:00:00,2941.76001,0.005740942,19.17284966,0.001887257
2019-07-01 00:00:00,2964.330078,0.007643019,19.13699913,-0.001871609
2019-07-02 00:00:00,2973.01001,0.002923847,19.09989929,-0.001940526
2019-07-03 00:00:00,2995.820068,0.007643096,19.04400063,-0.002930938
2019-07-05 00:00:00,2990.409912,-0.001807534,19.00383949,-0.002111087
2019-07-08 00:00:00,2975.949951,-0.004847173,18.99489975,-0.000470528
2019-07-09 00:00:00,2979.629883,0.001235793,18.93329048,-0.003248735
2019-07-10 00:00:00,2993.070068,0.004500547,19.16045952,0.011926982
2019-07-11 00:00:00,2999.909912,0.00228262,19.12849998,-0.001669387
2019-07-12 00:00:00,3013.77002,0.004609534,19.06728935,-0.003205101
2019-07-15 00:00:00,3014.300049,0.000175854,18.98759079,-0.004188618
2019-07-16 00:00:00,3004.040039,-0.003409585,18.9659996,-0.001137768
2019-07-17 00:00:00,2984.419922,-0.006552665,19.08959961,0.006495782
2019-07-18 00:00:00,2995.110107,0.003575598,19.05789948,-0.001661977
2019-07-19 00:00:00,2976.610107,-0.006195889,18.95669937,-0.005324288
2019-07-22 00:00:00,2985.030029,0.002824702,19.01259995,0.002944516
2019-07-23 00:00:00,3005.469971,0.006824145,19.03919983,0.001398088
2019-07-24 00:00:00,3019.560059,0.004677193,19.16839981,0.006763077
2019-07-25 00:00:00,3003.669922,-0.005276296,19.0583992,-0.005755173
2019-07-26 00:00:00,3025.860107,0.007360536,19.02619934,-0.001690965
2019-07-29 00:00:00,3020.969971,-0.001617422,19.03096008,0.000250189
2019-07-30 00:00:00,3013.179932,-0.002581985,19.04669952,0.000826702
2019-07-31 00:00:00,2980.379883,-0.010945207,19.05540085,0.000456737
2019-08-01 00:00:00,2953.560059,-0.009039528,19.1364994,0.004246905
2019-08-02 00:00:00,2932.050049,-0.007309389,19.21030045,0.003849142
2019-08-05 00:00:00,2844.73999,-0.030230182,19.3384304,0.006647712
2019-08-06 00:00:00,2881.77002,0.012933024,19.68029976,0.017523794
2019-08-07 00:00:00,2883.97998,0.000766582,19.59586906,-0.004299341
2019-08-08 00:00:00,2938.090088,0.018588462,19.63229942,0.001857358
2019-08-09 00:00:00,2918.649902,-0.006638593,19.42765045,-0.010478807
2019-08-12 00:00:00,2882.699951,-0.012393809,19.42560005,-0.000105546
2019-08-13 00:00:00,2926.320068,0.015018346,19.58449936,0.008146618
2019-08-14 00:00:00,2840.600098,-0.029730352,19.37874031,-0.010561799
2019-08-15 00:00:00,2847.600098,0.002461237,19.65465927,0.014137818
2019-08-16 00:00:00,2888.679932,0.014323058,19.59860039,-0.002856268
2019-08-19 00:00:00,2923.649902,0.012033176,19.62229919,0.001208479
2019-08-20 00:00:00,2900.51001,-0.007946215,19.87310028,0.012700439
2019-08-21 00:00:00,2924.429932,0.00821298,19.75049973,-0.006188279
2019-08-22 00:00:00,2922.949951,-0.000506203,19.6718998,-0.003987582
2019-08-23 00:00:00,2847.110107,-0.026288881,19.79969978,0.006475564
2019-08-26 00:00:00,2878.379883,0.010923113,20.00429916,0.010280434
2019-08-27 00:00:00,2869.159912,-0.003208322,19.93589973,-0.003425095
2019-08-28 00:00:00,2887.939941,0.006524152,19.97400093,0.001909361
2019-08-29 00:00:00,2924.580078,0.012607482,20.13940048,0.008246645
2019-08-30 00:00:00,2926.459961,0.000642581,20.12080002,-0.000924013
2019-09-03 00:00:00,2906.27002,-0.006923009,20.12445068,0.000181421
2019-09-04 00:00:00,2937.780029,0.010783725,19.96069908,-0.008170233
2019-09-05 00:00:00,2976,0.012925913,19.68569946,-0.013872838
2019-09-06 00:00:00,2978.709961,0.000910191,19.70569992,0.001015473
2019-09-09 00:00:00,2978.429932,-9.40147E-05,19.5411396,-0.008385964
2019-09-10 00:00:00,2979.389893,0.000322252,19.55550003,0.000734612
2019-09-11 00:00:00,3000.929932,0.007203672,19.49200058,-0.003252424
2019-09-12 00:00:00,3009.570068,0.002875016,19.49939919,0.000379499
2019-09-13 00:00:00,3007.389893,-0.000724677,19.42849922,-0.003642634
2019-09-16 00:00:00,2997.959961,-0.003140513,19.3980999,-0.001565902
2019-09-17 00:00:00,3005.699951,0.002578425,19.42239952,0.001251897
2019-09-18 00:00:00,3006.72998,0.000342633,19.35280037,-0.003589884
2019-09-19 00:00:00,3006.790039,1.99745E-05,19.39669991,0.002265813
2019-09-20 00:00:00,2992.070068,-0.004907599,19.42919922,0.001674105
2019-09-23 00:00:00,2991.780029,-9.69406E-05,19.41889954,-0.000530254
2019-09-24 00:00:00,2966.600098,-0.008451989,19.47599983,0.002936135
2019-09-25 00:00:00,2984.870117,0.006139685,19.43569946,-0.002071376
2019-09-26 00:00:00,2977.620117,-0.002431871,19.56699944,0.006732891
2019-09-27 00:00:00,2961.790039,-0.005330535,19.65703011,0.004590596
2019-09-30 00:00:00,2976.73999,0.00503491,19.67869949,0.001101766
2019-10-01 00:00:00,2940.25,-0.012334127,19.73481941,0.002847752
2019-10-02 00:00:00,2887.610107,-0.018065404,19.80380058,0.003489309
2019-10-03 00:00:00,2910.629883,0.007940305,19.78370094,-0.001015454
2019-10-04 00:00:00,2952.01001,0.014116785,19.65304947,-0.006625898
2019-10-07 00:00:00,2938.790039,-0.004488352,19.52079964,-0.00675197
2019-10-08 00:00:00,2893.060059,-0.01568316,19.57089996,0.002563222
2019-10-09 00:00:00,2919.399902,0.009063297,19.62520027,0.002770701
2019-10-10 00:00:00,2938.129883,0.006395202,19.5848999,-0.002055612
2019-10-11 00:00:00,2970.27002,0.01087958,19.43470001,-0.007698727
2019-10-14 00:00:00,2966.149902,-0.001388082,19.30809975,-0.006535445
2019-10-15 00:00:00,2995.679932,0.009906445,19.26935005,-0.002008931
2019-10-16 00:00:00,2989.689941,-0.002001545,19.23064995,-0.002010396
2019-10-17 00:00:00,2997.949951,0.002759022,19.19490051,-0.001860712
2019-10-18 00:00:00,2986.199951,-0.003927046,19.17980003,-0.000787002
2019-10-21 00:00:00,3006.719971,0.006848114,19.11770058,-0.003243006
2019-10-22 00:00:00,2995.98999,-0.003575049,19.12179947,0.00021438
2019-10-23 00:00:00,3004.52002,0.002843103,19.14068985,0.00098741
2019-10-24 00:00:00,3010.290039,0.001918605,19.10160065,-0.002044293
2019-10-25 00:00:00,3022.550049,0.00406443,19.11790085,0.000852978
2019-10-28 00:00:00,3039.419922,0.00556582,19.03930092,-0.004119801
2019-10-29 00:00:00,3036.889893,-0.000832752,19.11020088,0.003716958
2019-10-30 00:00:00,3046.77002,0.003248089,19.10720062,-0.00015701
2019-10-31 00:00:00,3037.560059,-0.003027439,19.0929203,-0.000747658
2019-11-01 00:00:00,3066.909912,0.009615931,19.23880005,0.007611474
2019-11-04 00:00:00,3078.27002,0.003697246,19.08499908,-0.008026438
2019-11-05 00:00:00,3074.620117,-0.001186403,19.16790009,0.004334371
2019-11-06 00:00:00,3076.780029,0.000702251,19.1868,0.000985533
2019-11-07 00:00:00,3085.179932,0.002726375,19.15069962,-0.001883294
2019-11-08 00:00:00,3093.080078,0.002557403,19.1215992,-0.001520704
2019-11-11 00:00:00,3087.01001,-0.001964395,19.10950089,-0.000632904
2019-11-12 00:00:00,3091.840088,0.001563423,19.11149979,0.000104597
2019-11-13 00:00:00,3094.040039,0.000711282,19.29870033,0.009747516
2019-11-14 00:00:00,3096.629883,0.000836693,19.36521912,0.003440875
2019-11-15 00:00:00,3120.459961,0.007666029,19.31270027,-0.002715703
2019-11-18 00:00:00,3122.030029,0.000503026,19.19879913,-0.005915193
2019-11-19 00:00:00,3120.179932,-0.00059277,19.31719017,0.00614765
2019-11-20 00:00:00,3108.459961,-0.003763256,19.35853958,0.002138262
2019-11-21 00:00:00,3103.540039,-0.001584006,19.46969986,0.00572576
2019-11-22 00:00:00,3110.290039,0.002172574,19.38685036,-0.004264384
2019-11-25 00:00:00,3133.639893,0.007479252,19.34499931,-0.002161067
2019-11-26 00:00:00,3140.52002,0.002193164,19.44515038,0.005163748
2019-11-27 00:00:00,3153.629883,0.004165736,19.50729942,0.003191024
2019-11-29 00:00:00,3140.97998,-0.004019286,19.49144936,-0.00081285
2019-12-02 00:00:00,3113.870117,-0.008668484,19.53594971,0.002280468
2019-12-03 00:00:00,3093.199951,-0.006660225,19.5739994,0.001945782
2019-12-04 00:00:00,3112.76001,0.006303658,19.54949951,-0.001252439
2019-12-05 00:00:00,3117.429932,0.001499127,19.43110085,-0.006074767
2019-12-06 00:00:00,3145.909912,0.009094246,19.36300087,-0.003510845
2019-12-09 00:00:00,3135.959961,-0.003167834,19.2547493,-0.005606326
2019-12-10 00:00:00,3132.52002,-0.001097536,19.22999954,-0.001286211
2019-12-11 00:00:00,3141.629883,0.002903938,19.24990082,0.001034373
2019-12-12 00:00:00,3168.570068,0.008538667,19.10129929,-0.00774955
2019-12-13 00:00:00,3168.800049,7.25792E-05,18.98200035,-0.006265178
2019-12-16 00:00:00,3191.449951,0.007122361,19.03420067,0.002746216
2019-12-17 00:00:00,3192.52002,0.000335236,18.93618965,-0.005162509
2019-12-18 00:00:00,3191.139893,-0.000432394,18.91754913,-0.000984871
2019-12-19 00:00:00,3205.370117,0.004449379,18.97550011,0.003058662
2019-12-20 00:00:00,3221.219971,0.004932596,18.9090004,-0.003510659
2019-12-23 00:00:00,3224.01001,0.000865769,18.94129944,0.001706673
2019-12-24 00:00:00,3223.379883,-0.000195467,18.93449974,-0.000359052
2019-12-26 00:00:00,3239.909912,0.005115062,18.95210075,0.000929142
2019-12-27 00:00:00,3240.02002,3.39841E-05,18.92849922,-0.001246101
2019-12-30 00:00:00,3221.290039,-0.005797596,18.82789993,-0.005328873
2019-12-31 00:00:00,3230.780029,0.002941691,18.91769981,0.004758173
2020-01-02 00:00:00,3257.850098,0.008343895,18.8987999,-0.000999559
2020-01-03 00:00:00,3234.850098,-0.007084909,18.83029938,-0.003631181
2020-01-06 00:00:00,3246.280029,0.003527145,18.94475937,0.006060101
2020-01-07 00:00:00,3237.179932,-0.002807175,18.84144974,-0.005468127
2020-01-08 00:00:00,3253.050049,0.004890473,18.96419907,0.006493726
2020-01-09 00:00:00,3274.699951,0.006633214,18.81399918,-0.007951712
2020-01-10 00:00:00,3265.350098,-0.002859262,18.83480072,0.001105031
2020-01-13 00:00:00,3288.129883,0.006951994,18.79762077,-0.001975954
2020-01-14 00:00:00,3283.149902,-0.001515681,18.7901001,-0.000400167
2020-01-15 00:00:00,3289.290039,0.00186845,18.79380035,0.000196906
2020-01-16 00:00:00,3316.810059,0.008331747,18.78269958,-0.000590836
2020-01-17 00:00:00,3329.620117,0.003854723,18.76300049,-0.00104934
2020-01-21 00:00:00,3320.790039,-0.0026555,18.65369987,-0.00584236
2020-01-22 00:00:00,3321.75,0.000289034,18.75939941,0.005650418
2020-01-23 00:00:00,3325.540039,0.001140326,18.70041084,-0.003149435
2020-01-24 00:00:00,3295.469971,-0.009083289,18.74920082,0.002605635
2020-01-27 00:00:00,3243.629883,-0.015855752,18.86249924,0.006024655
2020-01-28 00:00:00,3276.23999,0.010003384,18.8920002,0.001562779
2020-01-29 00:00:00,3273.399902,-0.00086725,18.72405052,-0.008929741
2020-01-30 00:00:00,3283.659912,0.003129457,18.68190002,-0.00225368
2020-01-31 00:00:00,3225.52002,-0.017864444,18.78079987,0.005279922
2020-02-03 00:00:00,3248.919922,0.007228426,18.8664093,0.004547991
2020-02-04 00:00:00,3297.590088,0.014869316,18.81439972,-0.002760536
2020-02-05 00:00:00,3334.689941,0.011187779,18.67128944,-0.007635499
2020-02-06 00:00:00,3345.780029,0.003320155,18.58760071,-0.00449229
2020-02-07 00:00:00,3327.709961,-0.005415491,18.63969994,0.002798981
2020-02-10 00:00:00,3352.090088,0.00729969,18.8002491,0.008576408
2020-02-11 00:00:00,3357.75,0.001687049,18.70269966,-0.005202239
2020-02-12 00:00:00,3379.449951,0.006441853,18.6420002,-0.00325077
2020-02-13 00:00:00,3373.939941,-0.001631776,18.64039993,-8.58456E-05
2020-02-14 00:00:00,3380.159912,0.001841836,18.5951004,-0.002433138
2020-02-18 00:00:00,3370.290039,-0.002924214,18.54999924,-0.002428379
2020-02-19 00:00:00,3386.149902,0.004694748,18.5889492,0.002097527
2020-02-20 00:00:00,3373.22998,-0.003822817,18.55010033,-0.002092078
2020-02-21 00:00:00,3337.75,-0.010573809,18.84740067,0.015899811
2020-02-24 00:00:00,3225.889893,-0.034088079,19.0077095,0.008469652
2020-02-25 00:00:00,3128.209961,-0.030747904,19.03660011,0.001518788
2020-02-26 00:00:00,3116.389893,-0.003785697,19.05999947,0.001228422
2020-02-27 00:00:00,2978.76001,-0.045168136,19.28661919,0.011819679
2020-02-28 00:00:00,2954.219971,-0.008272463,19.45896912,0.008896552
2020-03-02 00:00:00,3090.22998,0.045010869,19.82309914,0.01853978
2020-03-03 00:00:00,3003.370117,-0.028510485,19.40500069,-0.021317081
2020-03-04 00:00:00,3130.120117,0.041336349,19.43160057,0.001369836
2020-03-05 00:00:00,3023.939941,-0.034510782,19.51720047,0.004395516
2020-03-06 00:00:00,2972.370117,-0.017200944,19.81450081,0.015117882
2020-03-09 00:00:00,2746.560059,-0.079010413,21.05750084,0.060842797
2020-03-10 00:00:00,2882.22998,0.048215052,20.81222916,-0.011716077
2020-03-11 00:00:00,2741.379883,-0.050102893,20.7894001,-0.001097508
2020-03-12 00:00:00,2480.639893,-0.099944852,21.41659927,0.029723042
2020-03-13 00:00:00,2711.02002,0.088808407,21.96719933,0.025384113
2020-03-16 00:00:00,2386.129883,-0.127652197,21.80861092,-0.007245513
2020-03-17 00:00:00,2529.189941,0.058226313,22.6009903,0.035688836
2020-03-18 00:00:00,2398.100098,-0.053222272,22.9605999,0.015785975
2020-03-19 00:00:00,2409.389893,0.004696761,23.64971924,0.029571544
2020-03-20 00:00:00,2304.919922,-0.044327624,24.04577065,0.016607881
2020-03-23 00:00:00,2237.399902,-0.029731501,24.7462101,0.028713226
2020-03-24 00:00:00,2447.330078,0.089683233,25.33620071,0.023561881
2020-03-25 00:00:00,2475.560059,0.01146899,24.76869965,-0.022653486
2020-03-26 00:00:00,2630.070068,0.060543831,24.00810051,-0.03118945
2020-03-27 00:00:00,2541.469971,-0.034267846,23.2371006,-0.032641129
2020-03-30 00:00:00,2626.649902,0.032966591,23.59460068,0.015267736
2020-03-31 00:00:00,2584.590088,-0.016142311,23.83300018,0.010053282
2020-04-01 00:00:00,2470.5,-0.045146363,23.75099945,-0.003446571
2020-04-02 00:00:00,2526.899902,0.022572657,24.2155304,0.019369567
2020-04-03 00:00:00,2488.649902,-0.015252861,24.23530006,0.000816071
2020-04-06 00:00:00,2663.679932,0.067968244,25.26199913,0.041491005
2020-04-07 00:00:00,2659.409912,-0.001604339,24.54240036,-0.028899007
2020-04-08 00:00:00,2749.97998,0.033489371,24.31159019,-0.009449049
2020-04-09 00:00:00,2789.820068,0.01438347,23.98450089,-0.013545374
2020-04-13 00:00:00,2761.629883,-0.010156059,23.44680023,-0.02267379
2020-04-14 00:00:00,2846.060059,0.03011456,23.58519936,0.005885334
2020-04-15 00:00:00,2783.360107,-0.022276733,23.36199951,-0.00950862
2020-04-16 00:00:00,2799.550049,0.005799838,24.23920059,0.036860432
2020-04-17 00:00:00,2874.560059,0.026440932,23.7602005,-0.019959249
2020-04-20 00:00:00,2823.159912,-0.018042846,24.02664948,0.011151676
2020-04-21 00:00:00,2736.560059,-0.031155115,24.0107193,-0.000663241
2020-04-22 00:00:00,2799.310059,0.022671301,24.36860085,0.014795085
2020-04-23 00:00:00,2797.800049,-0.000539568,24.47929955,0.004532391
2020-04-24 00:00:00,2836.73999,0.013822091,24.76655006,0.011666111
2020-04-27 00:00:00,2878.47998,0.014606868,24.98579979,0.0088137
2020-04-28 00:00:00,2863.389893,-0.00525617,24.74970055,-0.009494265
2020-04-29 00:00:00,2939.51001,0.026236704,24.28359985,-0.01901217
2020-04-30 00:00:00,2912.429932,-0.009255143,23.74200058,-0.022555563
2020-05-01 00:00:00,2830.709961,-0.028460211,24.21430016,0.019697718
2020-05-04 00:00:00,2842.73999,0.004240823,24.83448982,0.025290031
2020-05-05 00:00:00,2868.439941,0.008999935,24.09020042,-0.030428269
2020-05-06 00:00:00,2848.419922,-0.00700388,23.9734993,-0.004856112
2020-05-07 00:00:00,2881.189941,0.011438956,24.42749977,0.018760513
2020-05-08 00:00:00,2929.800049,0.016730795,24.02206039,-0.016736946
2020-05-11 00:00:00,2930.189941,0.000133069,23.62509918,-0.01666292
2020-05-12 00:00:00,2870.120117,-0.020713366,23.92008972,0.012409008
2020-05-13 00:00:00,2820,-0.017616997,24.36327934,0.018358374
2020-05-14 00:00:00,2852.5,0.011458918,24.18569946,-0.007315527
2020-05-15 00:00:00,2863.699951,0.003918675,23.85129929,-0.013922834
2020-05-18 00:00:00,2953.909912,0.031015209,23.93400955,0.003461748
2020-05-19 00:00:00,2922.939941,-0.010539748,23.73130035,-0.008505574
2020-05-20 00:00:00,2971.610107,0.016513991,23.6653595,-0.002782513
2020-05-21 00:00:00,2948.51001,-0.007803968,23.19549942,-0.020054085
2020-05-22 00:00:00,2955.449951,0.002350946,22.87018013,-0.014124385
2020-05-26 00:00:00,2991.77002,0.012214285,22.5454998,-0.014298404
2020-05-27 00:00:00,3036.129883,0.014718447,22.21199989,-0.014902802
2020-05-28 00:00:00,3029.72998,-0.002110139,22.31138039,0.004464201
2020-05-29 00:00:00,3044.310059,0.004800794,22.19890022,-0.005054131
2020-06-01 00:00:00,3055.72998,0.003744216,22.18230057,-0.000748049
2020-06-02 00:00:00,3080.820068,0.008177307,22.04240036,-0.006326812
2020-06-03 00:00:00,3122.870117,0.013556671,21.72380066,-0.014559424
2020-06-04 00:00:00,3112.350098,-0.003374389,21.7208004,-0.000138119
2020-06-05 00:00:00,3193.929932,0.025874013,21.90247917,0.008329489
2020-06-08 00:00:00,3232.389893,0.011969656,21.47489929,-0.019715056
2020-06-09 00:00:00,3207.179932,-0.007829743,21.47299957,-8.84662E-05
2020-06-10 00:00:00,3190.139893,-0.005327256,21.88743019,0.019116196
2020-06-11 00:00:00,3002.100098,-0.060752693,21.97698021,0.004083043
2020-06-12 00:00:00,3041.310059,0.012976287,22.85466003,0.039159485
2020-06-15 00:00:00,3066.590088,0.008277861,22.48854065,-0.016149162
2020-06-16 00:00:00,3124.73999,0.018784853,22.15546036,-0.014921892
2020-06-17 00:00:00,3113.48999,-0.003606796,22.26922035,0.005121488
2020-06-18 00:00:00,3115.340088,0.000594043,22.34140015,0.003235994
2020-06-19 00:00:00,3097.73999,-0.005665514,22.67639923,0.014883236
2020-06-22 00:00:00,3117.860107,0.006474093,22.64150047,-0.001540176
2020-06-23 00:00:00,3131.290039,0.004298169,22.39909935,-0.010763776
2020-06-24 00:00:00,3050.330078,-0.026195266,22.38915062,-0.000444256
2020-06-25 00:00:00,3083.76001,0.010899828,22.79027939,0.017757608
2020-06-26 00:00:00,3009.050049,-0.024525204,22.67939949,-0.004877101
2020-06-29 00:00:00,3053.23999,0.014578888,23.05470085,0.016412689
2020-06-30 00:00:00,3100.290039,0.015292349,23.05657005,8.10735E-05
2020-07-01 00:00:00,3115.860107,0.005009564,23.00449944,-0.002260939
2020-07-02 00:00:00,3130.01001,0.00453097,22.71159935,-0.012814046
2020-07-06 00:00:00,3179.719971,0.015756931,22.38545036,-0.014464568
2020-07-07 00:00:00,3145.320068,-0.010877478,22.31100082,-0.003331343
2020-07-08 00:00:00,3169.939941,0.007796986,22.79269981,0.021360434
2020-07-09 00:00:00,3152.050049,-0.005659591,22.67180061,-0.005318413
2020-07-10 00:00:00,3185.040039,0.01041181,22.6026001,-0.00305694
2020-07-13 00:00:00,3155.219971,-0.009406645,22.48839951,-0.00506535
2020-07-14 00:00:00,3197.52002,0.013317301,22.70980072,0.009796982
2020-07-15 00:00:00,3226.560059,0.009041057,22.39599991,-0.013914214
2020-07-16 00:00:00,3215.570068,-0.003411915,22.31819916,-0.003479916
2020-07-17 00:00:00,3224.72998,0.002844563,22.41168022,0.00417981
2020-07-20 00:00:00,3251.840088,0.008371797,22.49246979,0.003598316
2020-07-21 00:00:00,3257.300049,0.001677629,22.48854065,-0.000174702
2020-07-22 00:00:00,3276.02002,0.005730631,22.29680061,-0.008562677
2020-07-23 00:00:00,3235.659912,-0.012396378,22.37017059,0.003285204
2020-07-24 00:00:00,3215.629883,-0.00620964,22.47820091,0.00481759
2020-07-27 00:00:00,3239.409912,0.007367929,22.28720093,-0.008533427
2020-07-28 00:00:00,3218.439941,-0.006494435,21.93610001,-0.015878882
2020-07-29 00:00:00,3258.439941,0.012351783,21.9333992,-0.000123129
2020-07-30 00:00:00,3246.219971,-0.003757302,21.97249985,0.001781112
2020-07-31 00:00:00,3271.120117,0.007641236,21.99539948,0.001041652
2020-08-03 00:00:00,3294.610107,0.007155363,22.26059914,0.011984944
2020-08-04 00:00:00,3306.51001,0.003605423,22.6257,0.016268167
2020-08-05 00:00:00,3327.77002,0.00640916,22.6284008,0.000119362
2020-08-06 00:00:00,3349.159912,0.006407126,22.37163925,-0.011411738
2020-08-07 00:00:00,3351.280029,0.000632829,22.4028492,0.001394095
2020-08-10 00:00:00,3360.469971,0.002738465,22.40461922,7.90056E-05
2020-08-11 00:00:00,3333.689941,-0.008001055,22.45709991,0.002339666
2020-08-12 00:00:00,3380.350098,0.013899502,22.41139984,-0.002037068
2020-08-13 00:00:00,3373.429932,-0.002049273,22.34090042,-0.003150653
2020-08-14 00:00:00,3372.850098,-0.000171897,22.15390015,-0.008405538
2020-08-17 00:00:00,3381.98999,0.002706178,21.93350029,-0.009998398
2020-08-18 00:00:00,3389.780029,0.00230074,22.14220047,0.00947015
2020-08-19 00:00:00,3374.850098,-0.004414123,22.13129997,-0.000492416
2020-08-20 00:00:00,3385.51001,0.003153655,22.17478943,0.001963137
2020-08-21 00:00:00,3397.159912,0.0034352,22.0883007,-0.003907944
2020-08-24 00:00:00,3431.280029,0.009993615,21.95966911,-0.00584054
2020-08-25 00:00:00,3443.620117,0.0035899,21.97299957,0.000606859
2020-08-26 00:00:00,3478.72998,0.010144001,21.8946991,-0.00356985
2020-08-27 00:00:00,3484.550049,0.001671646,21.93087006,0.001650679
2020-08-28 00:00:00,3508.01001,0.006710003,22.13290024,0.009169964
2020-08-31 00:00:00,3500.310059,-0.002197375,21.74990082,-0.017456003
2020-09-01 00:00:00,3526.649902,0.007496831,21.91254997,0.007450333
2020-09-02 00:00:00,3580.840088,0.01524905,21.74530029,-0.007661875
2020-09-03 00:00:00,3455.060059,-0.035757594,21.7269001,-0.000846527
2020-09-04 00:00:00,3426.959961,-0.008166281,21.69869995,-0.00129878
2020-09-08 00:00:00,3331.840088,-0.028148829,21.59420013,-0.004827582
2020-09-09 00:00:00,3398.959961,0.019944761,21.87241936,0.012801687
2020-09-10 00:00:00,3339.189941,-0.017741246,21.38699913,-0.022443233
2020-09-11 00:00:00,3340.969971,0.00053293,21.43664932,0.002318822
2020-09-14 00:00:00,3383.540039,0.012661335,21.26749992,-0.00792196
2020-09-15 00:00:00,3401.199951,0.005205786,21.06480026,-0.009576669
2020-09-16 00:00:00,3385.48999,-0.004629647,21.1420002,0.003658179
2020-09-17 00:00:00,3357.01001,-0.00844795,20.97916031,-0.007732014
2020-09-18 00:00:00,3319.469971,-0.011245577,20.8927002,-0.004129754
2020-09-21 00:00:00,3281.060059,-0.011638564,21.11175919,0.010430368
2020-09-22 00:00:00,3315.570068,0.010463016,21.3448391,0.010979789
2020-09-23 00:00:00,3236.919922,-0.024007339,21.67449951,0.01532645
2020-09-24 00:00:00,3246.590088,0.002983006,22.39039993,0.032495861
2020-09-25 00:00:00,3298.459961,0.015850439,22.13843918,-0.011316866
2020-09-28 00:00:00,3351.600098,0.015982192,22.30937004,0.007691344
2020-09-29 00:00:00,3335.469971,-0.004824283,22.34910011,0.001779285
2020-09-30 00:00:00,3363,0.008219843,22.37350082,0.001091203
2020-10-01 00:00:00,3380.800049,0.00527895,22.08160019,-0.013132569
2020-10-02 00:00:00,3348.419922,-0.009623813,21.84473038,-0.010784971
2020-10-05 00:00:00,3408.600098,0.017813109,21.59499931,-0.011497945
2020-10-06 00:00:00,3360.969971,-0.014072064,21.36325073,-0.010789584
2020-10-07 00:00:00,3419.439941,0.017247164,21.68823051,0.01509755
2020-10-08 00:00:00,3446.830078,0.007978213,21.44980049,-0.011054397
2020-10-09 00:00:00,3477.139893,0.008755095,21.35586929,-0.004388734
2020-10-12 00:00:00,3534.219971,0.01628253,21.14859009,-0.009753369
2020-10-13 00:00:00,3511.929932,-0.006326892,21.19890022,0.002376063
2020-10-14 00:00:00,3488.669922,-0.006645172,21.33348083,0.006328405
2020-10-15 00:00:00,3483.340088,-0.001528924,21.32616997,-0.000342753
2020-10-16 00:00:00,3483.810059,0.00013491,21.28409958,-0.00197466
2020-10-19 00:00:00,3426.919922,-0.016464664,21.08880043,-0.009218181
2020-10-20 00:00:00,3443.120117,0.004716195,21.2072506,0.005601018
2020-10-21 00:00:00,3435.560059,-0.002198114,21.09259987,-0.005420871
2020-10-22 00:00:00,3453.48999,0.005205354,21.1492691,0.002683085
2020-10-23 00:00:00,3465.389893,0.003439838,20.95420074,-0.009266208
2020-10-26 00:00:00,3400.969971,-0.018764473,20.90243912,-0.002473283
2020-10-27 00:00:00,3390.679932,-0.003030205,20.96379089,0.00293085
2020-10-28 00:00:00,3271.030029,-0.035925542,21.01930046,0.002644379
2020-10-29 00:00:00,3310.110107,0.011876525,21.23559952,0.010237911
2020-10-30 00:00:00,3269.959961,-0.012203713,21.34560013,0.00516664
2020-11-02 00:00:00,3310.23999,0.012242951,21.2744503,-0.003338799
2020-11-03 00:00:00,3369.159912,0.017642738,21.37195015,0.004572485
2020-11-04 00:00:00,3443.439941,0.021807526,21.03570938,-0.015857881
2020-11-05 00:00:00,3510.449951,0.019273266,20.93440056,-0.004827675
2020-11-06 00:00:00,3509.439941,-0.000287757,20.75550079,-0.008582456
2020-11-09 00:00:00,3550.5,0.011631975,20.52036095,-0.0113937
2020-11-10 00:00:00,3545.530029,-0.001400775,20.33530045,-0.009059296
2020-11-11 00:00:00,3572.659912,0.007622728,20.32209969,-0.000649366
2020-11-12 00:00:00,3537.01001,-0.010028652,20.46430016,0.006972964
2020-11-13 00:00:00,3585.149902,0.013518547,20.6032505,0.006766943
2020-11-16 00:00:00,3626.909912,0.011580735,20.34473991,-0.012626457
2020-11-17 00:00:00,3609.530029,-0.004803444,20.25995064,-0.004176335
2020-11-18 00:00:00,3567.790039,-0.011631211,20.27948952,0.000963944
2020-11-19 00:00:00,3581.870117,0.003938676,20.31267929,0.00163528
2020-11-20 00:00:00,3557.540039,-0.006815737,20.23340034,-0.003910565
2020-11-23 00:00:00,3577.590088,0.005620108,20.08671951,-0.007275845
2020-11-24 00:00:00,3635.409912,0.016032459,20.10154915,0.000738008
2020-11-25 00:00:00,3629.649902,-0.001585675,20.02511978,-0.00380941
2020-11-27 00:00:00,3638.350098,0.002394111,20.02910042,0.000198762
2020-11-30 00:00:00,3621.629883,-0.004606141,20.03807068,0.000447761
2020-12-01 00:00:00,3662.449951,0.011208141,20.16160011,0.006145813
2020-12-02 00:00:00,3669.01001,0.001789565,20.02874947,-0.006611096
2020-12-03 00:00:00,3666.719971,-0.000624352,19.99239922,-0.001816553
2020-12-04 00:00:00,3699.120117,0.008797464,19.89920044,-0.00467261
2020-12-07 00:00:00,3691.959961,-0.001937513,19.78100014,-0.005957664
2020-12-08 00:00:00,3702.25,0.002783271,19.89101982,0.005546477
2020-12-09 00:00:00,3672.820068,-0.007980965,19.77599907,-0.00579933
2020-12-10 00:00:00,3668.100098,-0.001285935,19.87611961,0.005049958
2020-12-11 00:00:00,3663.459961,-0.001265798,19.99069977,0.005748162
2020-12-14 00:00:00,3647.48999,-0.004368788,20.07780075,0.004347611
2020-12-15 00:00:00,3694.620117,0.012838482,20.22823906,0.007464837
2020-12-16 00:00:00,3701.169922,0.001771226,19.92827988,-0.014939779
2020-12-17 00:00:00,3722.47998,0.005741143,19.87124062,-0.002866331
2020-12-18 00:00:00,3709.409912,-0.003517297,19.82150078,-0.002506245
2020-12-21 00:00:00,3694.919922,-0.003913928,20.09394073,0.013651067
2020-12-22 00:00:00,3687.26001,-0.002075245,19.98240089,-0.005566383
2020-12-23 00:00:00,3690.01001,0.000745533,20.10379982,0.006056912
2020-12-24 00:00:00,3703.060059,0.00353035,20.0489006,-0.002734523
2020-12-28 00:00:00,3735.360107,0.008684708,19.8696804,-0.008979347
2020-12-29 00:00:00,3727.040039,-0.002229865,20.00625038,0.006849772
2020-12-30 00:00:00,3732.040039,0.001340648,19.93499947,-0.00356779
2020-12-31 00:00:00,3756.070068,0.006418205,19.89089966,-0.002214631
2021-01-04 00:00:00,3700.649902,-0.014864763,19.84749985,-0.002184277
2021-01-05 00:00:00,3726.860107,0.007057631,19.94244957,0.004772557
2021-01-06 00:00:00,3748.139893,0.005693603,19.9022007,-0.002020291
2021-01-07 00:00:00,3803.790039,0.01473826,19.65576935,-0.012459413
2021-01-08 00:00:00,3824.679932,0.005476837,20.00009918,0.017366332
2021-01-11 00:00:00,3799.610107,-0.006576328,20.05048943,0.002516331
2021-01-12 00:00:00,3801.189941,0.000415702,20.06240082,0.000593894
2021-01-13 00:00:00,3809.840088,0.002273056,19.79442978,-0.013446883
2021-01-14 00:00:00,3795.540039,-0.003760513,19.83634949,0.002115513
2021-01-15 00:00:00,3768.25,-0.007216001,19.72335052,-0.005712848
2021-01-19 00:00:00,3798.909912,0.008103458,19.6956501,-0.001405435
2021-01-20 00:00:00,3851.850098,0.013839417,19.63599968,-0.003033204
2021-01-21 00:00:00,3853.070068,0.000316673,19.58501053,-0.002600095
2021-01-22 00:00:00,3841.469971,-0.003015153,19.73706055,0.00773361
2021-01-25 00:00:00,3855.360107,0.003609318,19.94288063,0.010374105
2021-01-26 00:00:00,3849.620117,-0.001489943,20.1051693,0.008104742
2021-01-27 00:00:00,3750.77002,-0.026013315,19.98830032,-0.005829842
2021-01-28 00:00:00,3787.379883,0.009713299,20.33152962,0.017025746
2021-01-29 00:00:00,3714.23999,-0.019500378,20.25225067,-0.003906933
2021-02-01 00:00:00,3773.860107,0.0159243,20.50528908,0.012416925
2021-02-02 00:00:00,3826.310059,0.013802529,20.36816025,-0.006709947
2021-02-03 00:00:00,3830.169922,0.001008261,20.13768005,-0.01138022
2021-02-04 00:00:00,3871.73999,0.010794848,20.19708061,0.00294538
2021-02-05 00:00:00,3886.830078,0.00388992,20.38718987,0.009368686
2021-02-08 00:00:00,3915.590088,0.007372107,20.11138916,-0.013620476
2021-02-09 00:00:00,3911.22998,-0.001114145,20.10306931,-0.000413774
2021-02-10 00:00:00,3909.879883,-0.000345245,20.08385086,-0.000956453
2021-02-11 00:00:00,3916.379883,0.001661075,20.02928925,-0.002720388
2021-02-12 00:00:00,3934.830078,0.004699971,19.96627998,-0.003150815
2021-02-16 00:00:00,3932.590088,-0.000569435,19.94930077,-0.000850756
2021-02-17 00:00:00,3931.330078,-0.000320453,20.22554016,0.013752077
2021-02-18 00:00:00,3913.969971,-0.004425614,20.21253967,-0.000642982
2021-02-19 00:00:00,3906.709961,-0.001856619,20.30822945,0.004723008
2021-02-22 00:00:00,3876.5,-0.007762893,20.48744965,0.008786291
2021-02-23 00:00:00,3881.370117,0.00125553,20.74202919,0.012349551
2021-02-24 00:00:00,3925.429932,0.011287668,20.51326942,-0.011090072
2021-02-25 00:00:00,3829.340088,-0.024783394,20.37755966,-0.006637687
2021-02-26 00:00:00,3811.149902,-0.004761532,20.91090012,0.025836281
2021-03-01 00:00:00,3901.820068,0.023512173,20.78956985,-0.005819148
2021-03-02 00:00:00,3870.290039,-0.008113679,20.65402985,-0.006540961
2021-03-03 00:00:00,3819.719971,-0.013152336,20.60341072,-0.002453819
2021-03-04 00:00:00,3768.469971,-0.013508038,20.95609093,0.016972709
2021-03-05 00:00:00,3841.939941,0.019308356,21.1334095,0.008425836
2021-03-08 00:00:00,3821.350098,-0.005373643,21.25530052,0.005751124
2021-03-09 00:00:00,3875.439941,0.014055401,21.49249077,0.011097307
2021-03-10 00:00:00,3898.810059,0.006012204,21.18881989,-0.014229929
2021-03-11 00:00:00,3939.340088,0.010341826,20.90212059,-0.013623061
2021-03-12 00:00:00,3943.340088,0.001014883,20.61499977,-0.013831662
2021-03-15 00:00:00,3968.939941,0.00647094,20.71158028,0.004674022
2021-03-16 00:00:00,3962.709961,-0.001570917,20.66669083,-0.002169712
2021-03-17 00:00:00,3974.120117,0.002875245,20.59930038,-0.003266152
2021-03-18 00:00:00,3915.459961,-0.01487056,20.36277008,-0.011548876
2021-03-19 00:00:00,3913.100098,-0.000602886,20.48390007,0.005930978
2021-03-22 00:00:00,3940.590088,0.007000557,20.66080093,0.008599015
2021-03-23 00:00:00,3910.52002,-0.007660118,20.57538986,-0.004142536
2021-03-24 00:00:00,3889.139893,-0.005482337,20.80791092,0.011237552
2021-03-25 00:00:00,3909.52002,0.005226583,20.88299942,0.003602156
2021-03-26 00:00:00,3974.540039,0.016494419,20.68302917,-0.009621886
2021-03-29 00:00:00,3971.090088,-0.00086839,20.63253021,-0.002444551
2021-03-30 00:00:00,3958.550049,-0.003162829,20.60737991,-0.001219707
2021-03-31 00:00:00,3972.889893,0.003615954,20.57600021,-0.001523901
2021-04-01 00:00:00,4019.870117,0.01175583,20.42910004,-0.007165002
2021-04-05 00:00:00,4077.909912,0.014334988,20.30521965,-0.006082378
2021-04-06 00:00:00,4073.939941,-0.000974005,20.30573082,2.5174E-05
2021-04-07 00:00:00,4079.949951,0.001474146,20.17445946,-0.006485731
2021-04-08 00:00:00,4097.169922,0.004211751,20.2112999,0.001824428
2021-04-09 00:00:00,4128.799805,0.007690288,20.0989399,-0.005574777
2021-04-12 00:00:00,4127.990234,-0.000196098,20.16040993,0.003053705
2021-04-13 00:00:00,4141.589844,0.003289072,20.14443016,-0.000792945
2021-04-14 00:00:00,4124.660156,-0.004096104,20.06749916,-0.003826282
2021-04-15 00:00:00,4170.419922,0.011033101,20.08605957,0.000924472
2021-04-16 00:00:00,4185.470215,0.003602323,19.93589973,-0.007503908
2021-04-19 00:00:00,4163.259766,-0.00532069,19.91830063,-0.000883175
2021-04-20 00:00:00,4134.939941,-0.006825561,19.81344986,-0.005277946
2021-04-21 00:00:00,4173.419922,0.009263021,19.9470005,0.006717788
2021-04-22 00:00:00,4134.97998,-0.009253338,19.88660049,-0.003032618
2021-04-23 00:00:00,4180.169922,0.01086941,19.93300056,0.002330515
2021-04-26 00:00:00,4187.620117,0.001780685,19.85253906,-0.004044767
2021-04-27 00:00:00,4186.720215,-0.000214919,19.85860062,0.000305282
2021-04-28 00:00:00,4183.180176,-0.000845898,20.0326004,0.008723773
2021-04-29 00:00:00,4211.470215,0.006740042,19.89167023,-0.007059904
2021-04-30 00:00:00,4181.169922,-0.007220713,20.02429962,0.006645455
2021-05-03 00:00:00,4192.660156,0.002744322,20.19580078,0.008528184
2021-05-04 00:00:00,4164.660156,-0.006700737,20.18779945,-0.000396266
2021-05-05 00:00:00,4167.589844,0.000703216,20.19389915,0.000302102
2021-05-06 00:00:00,4201.620117,0.008132299,20.2511692,0.002831994
2021-05-07 00:00:00,4232.600098,0.007346291,20.08510017,-0.008234275
2021-05-10 00:00:00,4188.430176,-0.010490481,19.89240074,-0.009640469
2021-05-11 00:00:00,4152.100098,-0.00871175,19.91295052,0.001032513
2021-05-12 00:00:00,4063.040039,-0.021682782,19.9636898,0.002544814
2021-05-13 00:00:00,4112.5,0.012099645,20.1420002,0.008892083
2021-05-14 00:00:00,4173.850098,0.014807779,19.9503994,-0.009558034
2021-05-17 00:00:00,4163.290039,-0.002533258,19.87039948,-0.004018002
2021-05-18 00:00:00,4127.830078,-0.008553772,19.76129913,-0.005505725
2021-05-19 00:00:00,4115.680176,-0.002947752,19.84787941,0.004371735
2021-05-20 00:00:00,4159.120117,0.010499429,19.93300056,0.004279507
2021-05-21 00:00:00,4155.859863,-0.000784188,19.88879967,-0.002219936
2021-05-24 00:00:00,4197.049805,0.009862497,19.93734932,0.00243808
2021-05-25 00:00:00,4188.129883,-0.002127545,19.87400055,-0.00318245
2021-05-26 00:00:00,4195.990234,0.001875058,19.90579987,0.001598767
2021-05-27 00:00:00,4200.879883,0.001164636,19.87080002,-0.001759821
2021-05-28 00:00:00,4204.109863,0.000768586,19.95185089,0.004070597
2021-06-01 00:00:00,4202.040039,-0.000492455,19.91749954,-0.001723196
2021-06-02 00:00:00,4208.120117,0.001445889,19.96120071,0.002191706
2021-06-03 00:00:00,4192.850098,-0.003635303,19.89480019,-0.003332025
2021-06-04 00:00:00,4229.890137,0.008795303,20.14039993,0.012269344
2021-06-07 00:00:00,4226.52002,-0.000797056,19.94389915,-0.009804455
2021-06-08 00:00:00,4227.259766,0.00017501,19.82239914,-0.006110722
2021-06-09 00:00:00,4219.549805,-0.001825533,19.70207977,-0.006088366
2021-06-10 00:00:00,4239.180176,0.004641455,19.73027992,0.001430305
2021-06-11 00:00:00,4247.439941,0.001946539,19.70319939,-0.00137348
2021-06-14 00:00:00,4255.149902,0.001813556,19.8708992,0.008475282
2021-06-15 00:00:00,4246.589844,-0.00201372,19.94309998,0.003626908
2021-06-16 00:00:00,4223.700195,-0.005404704,20.02129936,0.003913457
2021-06-17 00:00:00,4221.859863,-0.000435811,20.39788055,0.018634326
2021-06-18 00:00:00,4166.450195,-0.013211356,20.41069984,0.000628264
2021-06-21 00:00:00,4224.790039,0.013905164,20.62199974,0.010299189
2021-06-22 00:00:00,4246.439941,0.005111406,20.50584984,-0.005648251
2021-06-23 00:00:00,4241.839844,-0.001083871,20.33930016,-0.008155221
2021-06-24 00:00:00,4266.490234,0.00579443,20.19586945,-0.007076882
2021-06-25 00:00:00,4280.700195,0.003325063,19.84690094,-0.01743023
2021-06-28 00:00:00,4290.609863,0.002312289,19.80820084,-0.001951835
2021-06-29 00:00:00,4291.799805,0.000277298,19.81716919,0.000452657
2021-06-30 00:00:00,4297.5,0.001327278,19.80310059,-0.000710172
2021-07-01 00:00:00,4319.939941,0.005208041,19.93442917,0.006609825
2021-07-02 00:00:00,4352.339844,0.007472096,20.01009941,0.003788771
2021-07-06 00:00:00,4343.540039,-0.002023903,19.82489967,-0.00929841
2021-07-07 00:00:00,4358.129883,0.003353347,20.01165962,0.009376378
2021-07-08 00:00:00,4320.819824,-0.008597881,19.9503994,-0.003065922
2021-07-09 00:00:00,4369.549805,0.011214826,19.98110008,0.001537668
2021-07-12 00:00:00,4384.629883,0.003445233,19.86070061,-0.006043896
2021-07-13 00:00:00,4369.209961,-0.003523011,19.82740021,-0.001678105
2021-07-14 00:00:00,4374.299805,0.001164257,20.04220009,0.010775225
2021-07-15 00:00:00,4360.029785,-0.003267574,19.90094948,-0.007072612
2021-07-16 00:00:00,4327.160156,-0.007567415,19.92938995,0.001428081
2021-07-19 00:00:00,4258.490234,-0.015996781,19.9041996,-0.00126478
2021-07-20 00:00:00,4323.060059,0.015048806,20.03809929,0.006704681
2021-07-21 00:00:00,4358.689941,0.008208042,20.13604927,0.004876279
2021-07-22 00:00:00,4367.47998,0.002014639,20.1471405,0.000550663
2021-07-23 00:00:00,4411.790039,0.010094332,20.10275078,-0.002205707
2021-07-26 00:00:00,4422.299805,0.002379367,20.05830002,-0.002213626
2021-07-27 00:00:00,4401.459961,-0.004723583,20.02429962,-0.001696517
2021-07-28 00:00:00,4400.640137,-0.000186279,19.95409966,-0.003511898
2021-07-29 00:00:00,4419.149902,0.004197332,19.91379929,-0.002021696
2021-07-30 00:00:00,4395.259766,-0.005420714,19.85140038,-0.00313837
2021-08-02 00:00:00,4387.160156,-0.001844506,19.86569977,0.000720062
2021-08-03 00:00:00,4423.149902,0.008169961,19.90169907,0.001810493
2021-08-04 00:00:00,4402.660156,-0.004643151,19.86260033,-0.001966525
2021-08-05 00:00:00,4429.100098,0.005987486,19.96039963,0.004911709
2021-08-06 00:00:00,4436.52002,0.001673865,19.9282608,-0.001611427
2021-08-09 00:00:00,4432.350098,-0.00094035,20.06979942,0.007077304
2021-08-10 00:00:00,4436.75,0.000992187,20.06987,3.51632E-06
2021-08-11 00:00:00,4442.410156,0.001274931,20.07049942,3.13612E-05
2021-08-12 00:00:00,4460.830078,0.004137808,19.92950058,-0.007049971
2021-08-13 00:00:00,4468,0.001606016,19.95137978,0.001097227
2021-08-16 00:00:00,4479.709961,0.002617422,19.85770035,-0.004706444
2021-08-17 00:00:00,4448.080078,-0.007085744,19.88010025,0.001127385
2021-08-18 00:00:00,4400.27002,-0.010806653,19.99754906,0.005890475
2021-08-19 00:00:00,4405.799805,0.001255903,20.03903961,0.002072633
2021-08-20 00:00:00,4441.669922,0.008108604,20.16720009,0.006375175
2021-08-23 00:00:00,4479.529785,0.008487668,20.38150024,0.010570112
2021-08-24 00:00:00,4486.22998,0.001494619,20.3179493,-0.003122942
2021-08-25 00:00:00,4496.189941,0.002217657,20.20610046,-0.005520135
2021-08-26 00:00:00,4470,-0.00584195,20.21610069,0.000494789
2021-08-27 00:00:00,4509.370117,0.008769072,20.36650085,0.007412085
2021-08-30 00:00:00,4528.790039,0.004297324,20.16430092,-0.009977676
2021-08-31 00:00:00,4522.680176,-0.001350027,20.1392498,-0.001243122
2021-09-01 00:00:00,4524.089844,0.00031164,20.05960083,-0.003962754
2021-09-02 00:00:00,4536.950195,0.002838606,19.99774933,-0.00308815
2021-09-03 00:00:00,4535.430176,-0.000335087,19.96235085,-0.001771692
2021-09-07 00:00:00,4520.029785,-0.003401352,19.88809967,-0.003726495
2021-09-08 00:00:00,4514.069824,-0.001319437,19.92779922,0.001994157
2021-09-09 00:00:00,4493.279785,-0.004616247,19.92749977,-1.5027E-05
2021-09-10 00:00:00,4458.580078,-0.007752552,19.92160034,-0.000296088
2021-09-13 00:00:00,4468.72998,0.0022739,19.8654995,-0.002820054
2021-09-14 00:00:00,4443.049805,-0.005763214,19.86199951,-0.0001762
2021-09-15 00:00:00,4480.700195,0.008438294,19.89730072,0.001775746
2021-09-16 00:00:00,4473.75,-0.001552345,19.84449959,-0.00265721
2021-09-17 00:00:00,4432.990234,-0.00915263,19.94054985,0.00482847
2021-09-20 00:00:00,4357.72998,-0.017123078,20.01849937,0.003901475
2021-09-21 00:00:00,4354.189941,-0.000812689,20.11894035,0.005004863
2021-09-22 00:00:00,4395.640137,0.009474585,20.12870026,0.000484993
2021-09-23 00:00:00,4448.97998,0.01206168,20.08675957,-0.0020858
2021-09-24 00:00:00,4455.47998,0.001459943,20.05290031,-0.001687073
2021-09-27 00:00:00,4443.109863,-0.002780244,20.05349922,2.98659E-05
2021-09-28 00:00:00,4352.629883,-0.020574318,20.08950043,0.001793648
2021-09-29 00:00:00,4359.459961,0.001567954,20.32976913,0.01188896
2021-09-30 00:00:00,4307.540039,-0.011981203,20.50110054,0.008392298
2021-10-01 00:00:00,4357.040039,0.011425952,20.61540031,0.005559815
2021-10-04 00:00:00,4300.459961,-0.013070952,20.41819954,-0.009611747
2021-10-05 00:00:00,4345.720215,0.010469517,20.50160027,0.004076307
2021-10-06 00:00:00,4363.549805,0.004094399,20.57019997,0.00334048
2021-10-07 00:00:00,4399.759766,0.008264039,20.55750084,-0.000617546
2021-10-08 00:00:00,4391.339844,-0.001915557,20.65413094,0.004689466
2021-10-11 00:00:00,4361.189941,-0.006889442,20.72315025,0.0033361
2021-10-12 00:00:00,4350.649902,-0.002419706,20.84700012,0.005958614
2021-10-13 00:00:00,4363.799805,0.003017956,20.78000069,-0.00321904
2021-10-14 00:00:00,4438.259766,0.016919162,20.55369949,-0.01095007
2021-10-15 00:00:00,4471.370117,0.007432521,20.54179955,-0.000579136
2021-10-18 00:00:00,4486.459961,0.003369088,20.34700012,-0.009528326
2021-10-19 00:00:00,4519.629883,0.007366143,20.39749908,0.002478813
2021-10-20 00:00:00,4536.189941,0.003657334,20.2220993,-0.008636268
2021-10-21 00:00:00,4549.779785,0.002991393,20.2215004,-2.96169E-05
2021-10-22 00:00:00,4544.899902,-0.001073129,20.29319954,0.003539417
2021-10-25 00:00:00,4566.47998,0.004736959,20.18889999,-0.005152884
2021-10-26 00:00:00,4574.790039,0.001818141,20.1704998,-0.000911817
2021-10-27 00:00:00,4551.680176,-0.00506437,20.19691086,0.001308534
2021-10-28 00:00:00,4596.419922,0.009781288,20.30480003,0.005327648
2021-10-29 00:00:00,4605.379883,0.001947437,20.3784008,0.003618243
2021-11-01 00:00:00,4613.669922,0.001798459,20.55270004,0.008516765
2021-11-02 00:00:00,4630.649902,0.003673607,20.83959961,0.013862683
2021-11-03 00:00:00,4660.569824,0.006440495,20.78030014,-0.002849575
2021-11-04 00:00:00,4680.060059,0.004173222,20.53170013,-0.012035389
2021-11-05 00:00:00,4697.529785,0.00372585,20.54590034,0.000691385
2021-11-08 00:00:00,4701.700195,0.000887394,20.37280083,-0.008460706
2021-11-09 00:00:00,4685.25,-0.003504911,20.33295059,-0.001957966
2021-11-10 00:00:00,4646.709961,-0.008259842,20.31915092,-0.000678915
2021-11-11 00:00:00,4649.27002,0.000550788,20.60639954,0.014037848
2021-11-12 00:00:00,4682.850098,0.007196698,20.63643074,0.001456312
2021-11-15 00:00:00,4682.799805,-1.07399E-05,20.5241909,-0.005453762
2021-11-16 00:00:00,4700.899902,0.003857779,20.59480095,0.003434428
2021-11-17 00:00:00,4688.669922,-0.002605015,20.75379944,0.007690673
2021-11-18 00:00:00,4704.540039,0.003379065,20.64539909,-0.005236845
2021-11-19 00:00:00,4697.959961,-0.001399645,20.7595005,0.005511507
2021-11-22 00:00:00,4682.939941,-0.003202258,20.86083984,0.004869712
2021-11-23 00:00:00,4690.700195,0.001655761,20.99370003,0.006348684
2021-11-24 00:00:00,4701.459961,0.002291224,21.26549911,0.012863606
2021-11-26 00:00:00,4594.620117,-0.022987011,21.62450027,0.016740944
2021-11-29 00:00:00,4655.27002,0.013113836,21.72960091,0.004848484
2021-11-30 00:00:00,4567,-0.019143381,21.68079948,-0.002248376
2021-12-01 00:00:00,4513.040039,-0.011885541,21.41180038,-0.012484863
2021-12-02 00:00:00,4577.100098,0.014094638,21.47156906,0.002787501
2021-12-03 00:00:00,4538.430176,-0.008484455,21.30854034,-0.007621743
2021-12-06 00:00:00,4591.669922,0.011662599,21.22100067,-0.004116658
2021-12-07 00:00:00,4686.75,0.020495603,21.22369957,0.000127172
2021-12-08 00:00:00,4701.209961,0.003080536,21.02820015,-0.00925406
2021-12-09 00:00:00,4667.450195,-0.007206988,20.92580032,-0.004881538
2021-12-10 00:00:00,4712.02002,0.009503769,20.95070076,0.001189232
2021-12-13 00:00:00,4668.970215,-0.009178158,20.87630081,-0.003557512
2021-12-14 00:00:00,4634.089844,-0.007498723,20.99360085,0.005603087
2021-12-15 00:00:00,4709.850098,0.016216267,21.21890068,0.010674656
2021-12-16 00:00:00,4668.669922,-0.008781863,21.03319931,-0.008790217
2021-12-17 00:00:00,4620.640137,-0.010340965,20.81940079,-0.010216827
2021-12-20 00:00:00,4568.02002,-0.011453398,20.82929993,0.000475364
2021-12-21 00:00:00,4649.22998,0.017621755,20.7553997,-0.003554206
2021-12-22 00:00:00,4696.560059,0.010128728,20.82250023,0.003227704
2021-12-23 00:00:00,4725.790039,0.006204413,20.71039963,-0.005398172
2021-12-27 00:00:00,4791.189941,0.013744052,20.60720062,-0.004995412
2021-12-28 00:00:00,4786.350098,-0.001010665,20.68359947,0.003700531
2021-12-29 00:00:00,4793.060059,0.001400913,20.66220093,-0.001035101
2021-12-30 00:00:00,4778.72998,-0.002994234,20.55800056,-0.005055802
2021-12-31 00:00:00,4766.180176,-0.002629634,20.45910072,-0.00482238
2022-01-03 00:00:00,4796.560059,0.006353824,20.48159981,0.001099106
2022-01-04 00:00:00,4793.540039,-0.00062982,20.48600006,0.000214816
2022-01-05 00:00:00,4700.580078,-0.019583264,20.52199936,0.001755721
2022-01-06 00:00:00,4696.049805,-0.000964234,20.56369972,0.002029922
2022-01-07 00:00:00,4677.029785,-0.004058441,20.49309921,-0.003439166
2022-01-10 00:00:00,4670.290039,-0.001442071,20.3904705,-0.005020546
2022-01-11 00:00:00,4713.069824,0.009118286,20.35820007,-0.001583877
2022-01-12 00:00:00,4726.350098,0.002813792,20.39051056,0.001585841
2022-01-13 00:00:00,4659.029785,-0.014346029,20.36285019,-0.001357452
2022-01-14 00:00:00,4662.850098,0.000819644,20.33366966,-0.001434055
2022-01-18 00:00:00,4577.109863,-0.018559105,20.28949928,-0.002174641
2022-01-19 00:00:00,4532.759766,-0.009736791,20.3987999,0.005372595
2022-01-20 00:00:00,4482.72998,-0.011098742,20.50049973,0.004973192
2022-01-21 00:00:00,4397.939941,-0.019095995,20.53071976,0.001473027
2022-01-24 00:00:00,4410.129883,0.002767905,20.44815063,-0.004029844
2022-01-25 00:00:00,4356.450195,-0.012246591,20.57382965,0.006127418
2022-01-26 00:00:00,4349.930176,-0.001497757,20.60700035,0.001610978
2022-01-27 00:00:00,4326.509766,-0.005398635,20.7154007,0.005246578
2022-01-28 00:00:00,4431.850098,0.024055968,20.76740074,0.002507067
2022-01-31 00:00:00,4515.549805,0.018709826,20.82900047,0.002961784
2022-02-01 00:00:00,4546.540039,0.00683956,20.62590027,-0.009798688
2022-02-02 00:00:00,4589.379883,0.0093784,20.54570007,-0.003895904
2022-02-03 00:00:00,4477.439941,-0.024693472,20.6012001,0.002697655
2022-02-04 00:00:00,4500.529785,0.005143678,20.56459999,-0.001778181
2022-02-07 00:00:00,4483.870117,-0.003708581,20.65360069,0.004318521
2022-02-08 00:00:00,4521.540039,0.008366113,20.5807991,-0.003531113
2022-02-09 00:00:00,4587.180176,0.014412842,20.59762001,0.000816977
2022-02-10 00:00:00,4504.080078,-0.018281824,20.48784065,-0.005343964
2022-02-11 00:00:00,4418.640137,-0.019151683,20.55719948,0.003379648
2022-02-14 00:00:00,4401.669922,-0.003847991,20.51044083,-0.002277154
2022-02-15 00:00:00,4471.069824,0.015643718,20.40899086,-0.004958533
2022-02-16 00:00:00,4475.009766,0.00088082,20.38380051,-0.00123504
2022-02-17 00:00:00,4380.259766,-0.021400504,20.28639984,-0.00478979
2022-02-18 00:00:00,4348.870117,-0.007191962,20.29159927,0.000256269
2022-02-22 00:00:00,4304.759766,-0.010194735,20.32298088,0.001545337
2022-02-23 00:00:00,4225.5,-0.018583736,20.29439926,-0.001407359
2022-02-24 00:00:00,4288.700195,0.014846105,20.2317009,-0.003094224
2022-02-25 00:00:00,4384.649902,0.022126081,20.56336975,0.0162606
2022-02-28 00:00:00,4373.939941,-0.002445591,20.57313919,0.000474977
2022-03-01 00:00:00,4306.259766,-0.015594468,20.46069908,-0.005480374
2022-03-02 00:00:00,4386.540039,0.018471047,20.64310074,0.008875231
2022-03-03 00:00:00,4363.490234,-0.005268521,20.64254951,-2.67029E-05
2022-03-04 00:00:00,4328.870117,-0.007965685,20.63939095,-0.000153024
2022-03-07 00:00:00,4201.089844,-0.029962587,20.96925926,0.015856089
2022-03-08 00:00:00,4170.700195,-0.007260044,21.30534935,0.015900664
2022-03-09 00:00:00,4277.879883,0.025373598,21.36239052,0.002673739
2022-03-10 00:00:00,4259.52002,-0.00430105,20.90518951,-0.021634493
2022-03-11 00:00:00,4204.310059,-0.013046279,20.91200066,0.000325758
2022-03-14 00:00:00,4173.109863,-0.007448675,20.8875103,-0.001171801
2022-03-15 00:00:00,4262.450195,0.02118263,20.90036964,0.000615458
2022-03-16 00:00:00,4357.859863,0.022136922,20.81259918,-0.004208312
2022-03-17 00:00:00,4411.669922,0.012272205,20.63069916,-0.008778316
2022-03-18 00:00:00,4463.120117,0.011594814,20.51408958,-0.00566827
2022-03-21 00:00:00,4461.180176,-0.000434755,20.38114929,-0.006501528
2022-03-22 00:00:00,4511.609863,0.0112407,20.38190079,3.68714E-05
2022-03-23 00:00:00,4456.240234,-0.01234863,20.27219963,-0.00539682
2022-03-24 00:00:00,4520.160156,0.014242012,20.2266407,-0.002249889
2022-03-25 00:00:00,4543.060059,0.005053381,20.06629944,-0.007958819
2022-03-28 00:00:00,4575.52002,0.007119551,20.03014946,-0.001803152
2022-03-29 00:00:00,4631.600098,0.012182044,20.09124947,0.003045759
2022-03-30 00:00:00,4602.450195,-0.006313589,19.96559906,-0.006273625
2022-03-31 00:00:00,4530.410156,-0.015776335,19.87815094,-0.00438956
2022-04-01 00:00:00,4545.859863,0.003404421,19.87520027,-0.000148449
2022-04-04 00:00:00,4582.640137,0.008058383,19.8572998,-0.000901049
2022-04-05 00:00:00,4525.120117,-0.012631159,19.80932045,-0.002419131
2022-04-06 00:00:00,4481.149902,-0.009764434,19.98259926,0.008709301
2022-04-07 00:00:00,4500.209961,0.004244366,20.16146088,0.008911047
2022-04-08 00:00:00,4488.279785,-0.002654547,20.1303196,-0.001545789
2022-04-11 00:00:00,4412.529785,-0.017021335,20.06484985,-0.003257595
2022-04-12 00:00:00,4397.450195,-0.003423301,19.94194031,-0.006144454
2022-04-13 00:00:00,4446.589844,0.011112603,19.80328941,-0.006977011
2022-04-14 00:00:00,4392.589844,-0.01221848,19.76129913,-0.00212262
2022-04-18 00:00:00,4391.689941,-0.000204889,19.95359993,0.009684139
2022-04-19 00:00:00,4462.209961,0.015930045,19.79520035,-0.007970073
2022-04-20 00:00:00,4459.450195,-0.000618666,20.01811028,0.011197876
2022-04-21 00:00:00,4393.660156,-0.014862856,19.97369957,-0.002220991
2022-04-22 00:00:00,4271.779785,-0.028132076,20.18465042,0.010506049
2022-04-25 00:00:00,4296.120117,0.005681765,20.23200035,0.002343091
2022-04-26 00:00:00,4175.200195,-0.028550009,20.21459961,-0.00086043
2022-04-27 00:00:00,4183.959961,0.002095849,20.3803196,0.008164613
2022-04-28 00:00:00,4287.5,0.024445655,20.37229919,-0.000393614
2022-04-29 00:00:00,4131.930176,-0.03695916,20.44129944,0.003381241
2022-05-02 00:00:00,4155.379883,0.005659199,20.41737938,-0.001170868
2022-05-03 00:00:00,4175.47998,0.004825465,20.44820023,0.001508402
2022-05-04 00:00:00,4300.169922,0.029425222,20.28005981,-0.008256742
2022-05-05 00:00:00,4146.870117,-0.036300678,20.03825951,-0.011994707
2022-05-06 00:00:00,4123.339844,-0.005690384,20.2147007,0.008766676
2022-05-09 00:00:00,3991.23999,-0.03256152,20.17630005,-0.001901446
2022-05-10 00:00:00,4001.050049,0.002454882,20.36351967,0.009236398
2022-05-11 00:00:00,3935.179932,-0.016600232,20.38035965,0.000826626
2022-05-12 00:00:00,3930.080078,-0.001296805,20.31973076,-0.002979302
2022-05-13 00:00:00,4023.889893,0.023589268,20.17270088,-0.007262124
2022-05-16 00:00:00,4008.01001,-0.003954209,20.09126091,-0.004045309
2022-05-17 00:00:00,4088.850098,0.01996892,20.01910019,-0.003598113
2022-05-18 00:00:00,3923.679932,-0.041233809,19.93549919,-0.004184806
2022-05-19 00:00:00,3900.790039,-0.005850865,20.02300072,0.004379627
2022-05-20 00:00:00,3901.360107,0.000146131,19.92359924,-0.004976728
2022-05-23 00:00:00,3973.75,0.018384995,19.84942055,-0.003730106
2022-05-24 00:00:00,3941.47998,-0.008153951,19.91795921,0.003446983
2022-05-25 00:00:00,3978.72998,0.009406386,19.84269905,-0.003785664
2022-05-26 00:00:00,4057.840088,0.019688166,19.81819916,-0.001235469
2022-05-27 00:00:00,4158.240234,0.02444113,19.75189972,-0.00335099
2022-05-31 00:00:00,4132.149902,-0.006294135,19.53129959,-0.011231389
2022-06-01 00:00:00,4101.22998,-0.007510905,19.64874077,0.005994967
2022-06-02 00:00:00,4176.819824,0.018263225,19.71306038,0.003268126
2022-06-03 00:00:00,4108.540039,-0.016482406,19.5279007,-0.009437132
2022-06-06 00:00:00,4121.430176,0.003132489,19.54521942,0.000886478
2022-06-07 00:00:00,4160.680176,0.009478332,19.55529976,0.000515611
2022-06-08 00:00:00,4115.77002,-0.010852623,19.57670021,0.001093757
2022-06-09 00:00:00,4017.820068,-0.024086458,19.58709908,0.000531045
2022-06-10 00:00:00,3900.860107,-0.029542415,19.67630005,0.004543729
2022-06-13 00:00:00,3749.629883,-0.039539932,20.01946068,0.017289966
2022-06-14 00:00:00,3735.47998,-0.003780818,20.46680069,0.02209926
2022-06-15 00:00:00,3789.98999,0.014487059,20.56065941,0.004575418
2022-06-16 00:00:00,3666.77002,-0.033052207,20.2221508,-0.016600934
2022-06-17 00:00:00,3674.840088,0.002198447,20.39719963,0.00861904
2022-06-21 00:00:00,3764.790039,0.024182475,20.26849937,-0.006329693
2022-06-22 00:00:00,3759.889893,-0.00130242,20.13699913,-0.00650905
2022-06-23 00:00:00,3795.72998,0.009487072,20.04949951,-0.004354684
2022-06-24 00:00:00,3911.73999,0.03010554,20.00989914,-0.001977083
2022-06-27 00:00:00,3900.110107,-0.0029775,19.89255905,-0.005881363
2022-06-28 00:00:00,3821.550049,-0.020348673,19.9029007,0.00051974
2022-06-29 00:00:00,3818.830078,-0.000711999,20.14660072,0.012170091
2022-06-30 00:00:00,3785.379883,-0.008797866,20.13035965,-0.00080647
2022-07-01 00:00:00,3825.330078,0.010498511,20.10294914,-0.001362578
2022-07-05 00:00:00,3831.389893,0.001582875,20.26840019,0.008196505
2022-07-06 00:00:00,3845.080078,0.003566796,20.52289963,0.012478285
2022-07-07 00:00:00,3902.620117,0.014853723,20.64109993,0.005742913
2022-07-08 00:00:00,3899.379883,-0.000830616,20.49399948,-0.007152095
2022-07-11 00:00:00,3854.429932,-0.011594418,20.46269989,-0.001528424
2022-07-12 00:00:00,3818.800049,-0.009286868,20.72120094,0.012553665
2022-07-13 00:00:00,3801.780029,-0.004466864,20.8664608,0.006985747
2022-07-14 00:00:00,3790.379883,-0.003003139,20.79080009,-0.003632538
2022-07-15 00:00:00,3863.159912,0.019019232,20.80588913,0.000725492
2022-07-18 00:00:00,3830.850098,-0.008398742,20.49959946,-0.014830731
2022-07-19 00:00:00,3936.689941,0.027253518,20.44502068,-0.002665982
2022-07-20 00:00:00,3959.899902,0.005878494,20.51980019,0.003650918
2022-07-21 00:00:00,3998.949951,0.009813067,20.54210091,0.0010862
2022-07-22 00:00:00,3961.629883,-0.009376287,20.65410042,0.005437384
2022-07-25 00:00:00,3966.840088,0.001314303,20.5345993,-0.005802633
2022-07-26 00:00:00,3921.050049,-0.011610343,20.45070076,-0.004094086
2022-07-27 00:00:00,4023.610107,0.025820049,20.45369911,0.000146603
2022-07-28 00:00:00,4072.429932,0.01206032,20.37330055,-0.003938505
2022-07-29 00:00:00,4130.290039,0.014107776,20.28120041,-0.004530878
2022-08-01 00:00:00,4118.629883,-0.002827077,20.37450027,0.004589764
2022-08-02 00:00:00,4091.189941,-0.006684688,20.38349915,0.000441576
2022-08-03 00:00:00,4155.169922,0.015517456,20.81090927,0.020751625
2022-08-04 00:00:00,4151.939941,-0.000777642,20.49270058,-0.01540858
2022-08-05 00:00:00,4145.189941,-0.001627069,20.32369995,-0.008281063
2022-08-08 00:00:00,4140.060059,-0.001238317,20.42140007,0.004795684
2022-08-09 00:00:00,4122.470215,-0.004257744,20.24060059,-0.008892857
2022-08-10 00:00:00,4210.240234,0.021067158,20.23999977,-2.96841E-05
2022-08-11 00:00:00,4207.27002,-0.000705723,20.01510048,-0.01117382
2022-08-12 00:00:00,4280.149902,0.017174047,19.93320084,-0.004100287
2022-08-15 00:00:00,4297.140137,0.003961684,19.85363007,-0.00399986
2022-08-16 00:00:00,4305.200195,0.001873923,19.80830002,-0.002285823
2022-08-17 00:00:00,4274.040039,-0.007264115,19.90353966,0.004796545
2022-08-18 00:00:00,4283.740234,0.00226699,19.97039986,0.003353582
2022-08-19 00:00:00,4228.47998,-0.012983929,20.13015938,0.007967987
2022-08-22 00:00:00,4137.990234,-0.021632366,20.18905067,0.002921255
2022-08-23 00:00:00,4128.72998,-0.00224037,20.12689972,-0.003083197
2022-08-24 00:00:00,4140.77002,0.002911917,19.98368073,-0.007141238
2022-08-25 00:00:00,4199.120117,0.013993242,19.90259933,-0.004065634
2022-08-26 00:00:00,4057.659912,-0.034268576,19.91909981,0.000828718
2022-08-29 00:00:00,4030.610107,-0.006688675,20.06780052,0.007437506
2022-08-30 00:00:00,3986.159912,-0.011089416,19.98480034,-0.004144565
2022-08-31 00:00:00,3955,-0.007847738,20.12730026,0.007105114
2022-09-01 00:00:00,3966.850098,0.002991752,20.18666077,0.002944913
2022-09-02 00:00:00,3924.26001,-0.010794553,20.16690063,-0.00097935
2022-09-06 00:00:00,3908.189941,-0.004103465,19.96559906,-0.010031932
2022-09-07 00:00:00,3979.870117,0.018174849,20.13150024,0.008275019
2022-09-08 00:00:00,4006.179932,0.006588967,19.98180008,-0.007463901
2022-09-09 00:00:00,4067.360107,0.015156015,19.93350029,-0.002420115
2022-09-12 00:00:00,4110.410156,0.010528651,19.85910034,-0.00373939
2022-09-13 00:00:00,3932.689941,-0.044199163,19.8300209,-0.001465361
2022-09-14 00:00:00,3946.01001,0.003381289,20.03190041,0.010129026
2022-09-15 00:00:00,3901.350098,-0.011382272,19.95159912,-0.004016727
2022-09-16 00:00:00,3873.330078,-0.00720805,20.08099937,0.006464767
2022-09-19 00:00:00,3899.889893,0.006833698,20.03022003,-0.002531928
2022-09-20 00:00:00,3855.929932,-0.011336115,19.90309906,-0.006366683
2022-09-21 00:00:00,3789.929932,-0.017264674,19.97629929,0.003671084
2022-09-22 00:00:00,3757.98999,-0.008463294,20.04409981,0.003388301
2022-09-23 00:00:00,3693.22998,-0.017382829,19.9192009,-0.006250701
2022-09-26 00:00:00,3655.040039,-0.010394361,20.21125984,0.014555731
2022-09-27 00:00:00,3647.290039,-0.002122611,20.37074089,0.007859734
2022-09-28 00:00:00,3719.040039,0.019481144,20.36862946,-0.000103656
2022-09-29 00:00:00,3640.469971,-0.021352795,20.18494987,-0.009058674
2022-09-30 00:00:00,3585.620117,-0.015181352,20.1245594,-0.002996341
2022-10-03 00:00:00,3678.429932,0.025554578,20.11738968,-0.000356331
2022-10-04 00:00:00,3790.929932,0.030125341,20.00670052,-0.005517356
2022-10-05 00:00:00,3783.280029,-0.002019988,19.96519089,-0.002076942
2022-10-06 00:00:00,3744.52002,-0.010297923,20.03380013,0.003430552
2022-10-07 00:00:00,3639.659912,-0.028403197,20.10009956,0.003303915
2022-10-10 00:00:00,3612.389893,-0.007520673,20.02980042,-0.003503583
2022-10-11 00:00:00,3588.840088,-0.006540518,19.94029999,-0.004478376
2022-10-12 00:00:00,3577.030029,-0.0032962,20.06555939,0.006262073
2022-10-13 00:00:00,3669.909912,0.025634259,19.97319984,-0.004613515
2022-10-14 00:00:00,3583.070068,-0.023947121,19.97570038,0.000125187
2022-10-17 00:00:00,3677.949951,0.026135525,20.01589966,0.002010387
2022-10-18 00:00:00,3719.97998,0.011362768,19.97179985,-0.00220567
2022-10-19 00:00:00,3695.159912,-0.006694455,20.01889992,0.002355552
2022-10-20 00:00:00,3665.780029,-0.007982687,20.12741089,0.005405789
2022-10-21 00:00:00,3752.75,0.02344776,20.04276085,-0.004214578
2022-10-24 00:00:00,3797.340088,0.01181194,19.93250084,-0.005516426
2022-10-25 00:00:00,3859.110107,0.01613577,19.90810013,-0.001224917
2022-10-26 00:00:00,3830.600098,-0.00741514,19.86660004,-0.002086759
2022-10-27 00:00:00,3807.300049,-0.006101185,19.9430294,0.003839747
2022-10-28 00:00:00,3901.060059,0.024328037,19.84030914,-0.005163995
2022-10-31 00:00:00,3871.97998,-0.007482327,19.82019997,-0.001014066
2022-11-01 00:00:00,3856.100098,-0.004109664,19.79319954,-0.001363197
2022-11-02 00:00:00,3759.689941,-0.025319844,19.72489929,-0.00345666
2022-11-03 00:00:00,3719.889893,-0.010642423,19.67840004,-0.002360172
2022-11-04 00:00:00,3770.550049,0.013526823,19.67027092,-0.000413184
2022-11-07 00:00:00,3806.800049,0.009568062,19.56336021,-0.005449966
2022-11-08 00:00:00,3828.110107,0.005582283,19.44309998,-0.00616619
2022-11-09 00:00:00,3748.570068,-0.020996785,19.53762054,0.004849616
2022-11-10 00:00:00,3956.370117,0.053952516,19.56209946,0.001252127
2022-11-11 00:00:00,3992.929932,0.009198312,19.3155098,-0.012685603
2022-11-14 00:00:00,3957.25,-0.008975941,19.51442909,0.010245756
2022-11-15 00:00:00,3991.72998,0.008675376,19.33919907,-0.00902007
2022-11-16 00:00:00,3958.790039,-0.008286283,19.34119987,0.000103453
2022-11-17 00:00:00,3946.560059,-0.003094105,19.33333969,-0.000406478
2022-11-18 00:00:00,3965.340088,0.004747296,19.39990044,0.003436883
2022-11-21 00:00:00,3949.939941,-0.00389125,19.44319916,0.002229417
2022-11-22 00:00:00,4003.580078,0.013488606,19.53160095,0.004536364
2022-11-23 00:00:00,4027.26001,0.005897266,19.44190979,-0.004602681
2022-11-25 00:00:00,4026.120117,-0.000283084,19.38129997,-0.003122352
2022-11-28 00:00:00,3963.939941,-0.015564697,19.34354019,-0.001950159
2022-11-29 00:00:00,3957.629883,-0.001593134,19.29630089,-0.00244511
2022-11-30 00:00:00,4080.110107,0.030478644,19.23200035,-0.003337837
2022-12-01 00:00:00,4076.570068,-0.00086801,19.26485062,0.001706647
2022-12-02 00:00:00,4071.699951,-0.001195375,19.12829971,-0.007113325
2022-12-05 00:00:00,3998.840088,-0.01805625,19.38298988,0.013226972
2022-12-06 00:00:00,3941.26001,-0.014503869,19.72139931,0.017308434
2022-12-07 00:00:00,3933.919922,-0.001864107,19.75440025,0.001671959
2022-12-08 00:00:00,3963.51001,0.007493634,19.66690063,-0.004439212
2022-12-09 00:00:00,3934.379883,-0.007376719,19.62155914,-0.002308134
2022-12-12 00:00:00,3990.560059,0.014178307,19.7866993,0.008381041
2022-12-13 00:00:00,4019.649902,0.007263223,19.84729958,0.003057997
2022-12-14 00:00:00,3995.320068,-0.006071117,19.5420208,-0.015500897
2022-12-15 00:00:00,3895.75,-0.025237478,19.6093998,0.003441973
2022-12-16 00:00:00,3852.360107,-0.01120024,19.74959946,0.007124178
2022-12-19 00:00:00,3817.659912,-0.009048329,19.79690933,0.002392621
2022-12-20 00:00:00,3821.620117,0.001036801,19.78759956,-0.000470374
2022-12-21 00:00:00,3878.439941,0.014758549,19.75419998,-0.001689331
2022-12-22 00:00:00,3822.389893,-0.014557142,19.65958977,-0.004800878
2022-12-23 00:00:00,3844.820068,0.005850952,19.55949974,-0.00510416
2022-12-27 00:00:00,3829.25,-0.004057844,19.36306953,-0.010093469
2022-12-28 00:00:00,3783.219971,-0.01209347,19.46209908,0.005101317
2022-12-29 00:00:00,3849.280029,0.017310634,19.42230034,-0.002047029
2022-12-30 00:00:00,3839.5,-0.002543976,19.45759964,0.001815813
2023-01-03 00:00:00,3824.139893,-0.004008572,19.45879936,6.16564E-05
2023-01-04 00:00:00,3852.969971,0.007510695,19.4076004,-0.002634614
2023-01-05 00:00:00,3808.100098,-0.011713869,19.38680077,-0.001072301
2023-01-06 00:00:00,3895.080078,0.022583836,19.31855011,-0.003526682
2023-01-09 00:00:00,3892.090088,-0.000767927,19.1243,-0.010106002
2023-01-10 00:00:00,3919.25,0.006953998,19.12450027,1.0472E-05
2023-01-11 00:00:00,3969.610107,0.012767571,19.05960083,-0.003399295
2023-01-12 00:00:00,3983.169922,0.003410085,18.94239998,-0.006168161
2023-01-13 00:00:00,3999.090088,0.003988892,18.84431076,-0.005191743
2023-01-17 00:00:00,3990.969971,-0.002032555,18.7779007,-0.003530368
2023-01-18 00:00:00,3928.860107,-0.015684967,18.64150047,-0.00729038
2023-01-19 00:00:00,3898.850098,-0.007667672,18.87405968,0.012398172
2023-01-20 00:00:00,3972.610107,0.018741674,18.98270035,0.005739581
2023-01-23 00:00:00,4019.810059,0.011811316,18.85777092,-0.006602977
2023-01-24 00:00:00,4016.949951,-0.000711756,18.81325912,-0.002363185
2023-01-25 00:00:00,4016.219971,-0.000181742,18.78359985,-0.001577753
2023-01-26 00:00:00,4060.429932,0.010947708,18.77619934,-0.000394066
2023-01-27 00:00:00,4070.560059,0.002491734,18.79669952,0.001091222
2023-01-30 00:00:00,4017.77002,-0.013053569,18.76874924,-0.001488085
2023-01-31 00:00:00,4076.600098,0.014536304,18.75860023,-0.000540886
2023-02-01 00:00:00,4119.209961,0.010398056,18.84287071,0.004482304
2023-02-02 00:00:00,4179.759766,0.014592385,18.58289909,-0.013892877
2023-02-03 00:00:00,4136.47998,-0.010408593,18.64139938,0.003143126
2023-02-06 00:00:00,4111.080078,-0.006159393,18.99086952,0.018573432
2023-02-07 00:00:00,4164,0.012790364,19.16799927,0.009283872
2023-02-08 00:00:00,4117.859863,-0.011142573,18.88150024,-0.015059564
2023-02-09 00:00:00,4081.5,-0.00886901,18.93445015,0.002800402
2023-02-10 00:00:00,4090.459961,0.002192856,18.77829933,-0.00828111
2023-02-13 00:00:00,4137.290039,0.01138357,18.67840004,-0.005334134
2023-02-14 00:00:00,4136.129883,-0.000280454,18.56504059,-0.006087504
2023-02-15 00:00:00,4147.600098,0.002769338,18.5048008,-0.003250073
2023-02-16 00:00:00,4090.409912,-0.013884689,18.58455086,0.004300436
2023-02-17 00:00:00,4079.090088,-0.002771242,18.54871941,-0.001929885
2023-02-21 00:00:00,3997.340088,-0.020244784,18.3852005,-0.008854732
2023-02-22 00:00:00,3991.050049,-0.001574795,18.42989922,0.002428283
2023-02-23 00:00:00,4012.320068,0.005315278,18.36458015,-0.003550485
2023-02-24 00:00:00,3970.040039,-0.010593465,18.36865997,0.000222132
2023-02-27 00:00:00,3982.23999,0.003068293,18.39133072,0.001233447
2023-02-28 00:00:00,3970.149902,-0.00304062,18.36689949,-0.001329293
2023-03-01 00:00:00,3951.389893,-0.004736464,18.30093956,-0.003597703
2023-03-02 00:00:00,3981.350098,0.007553594,18.11597061,-0.010158497
2023-03-03 00:00:00,4045.639893,0.016018749,18.1053009,-0.00058914
2023-03-06 00:00:00,4048.419922,0.000686931,17.97800064,-0.007055939
2023-03-07 00:00:00,3986.370117,-0.01544559,18.0013504,0.001297954
2023-03-08 00:00:00,3992.01001,0.001413794,18.10009956,0.005470662
2023-03-09 00:00:00,3918.320068,-0.018631858,17.97075081,-0.007171958
2023-03-10 00:00:00,3861.590088,-0.014583969,18.32963943,0.01977391
2023-03-13 00:00:00,3855.76001,-0.001510902,18.31702995,-0.000688165
2023-03-14 00:00:00,3919.290039,0.016342388,18.91908073,0.03233975
2023-03-15 00:00:00,3891.929932,-0.007005364,18.60050011,-0.016982508
2023-03-16 00:00:00,3960.280029,0.017409576,18.99189949,0.020824078
2023-03-17 00:00:00,3916.639893,-0.011080621,18.76939011,-0.011785189
2023-03-20 00:00:00,3951.570068,0.00887887,18.84342003,0.003936426
2023-03-21 00:00:00,4002.870117,0.012898648,18.81459999,-0.001530619
2023-03-22 00:00:00,3936.969971,-0.016600249,18.62405014,-0.0101794
2023-03-23 00:00:00,3948.719971,0.002980084,18.5933609,-0.001649188
2023-03-24 00:00:00,3970.98999,0.005623963,18.5678997,-0.001370309
2023-03-27 00:00:00,3977.530029,0.0016456,18.42705917,-0.007614076
2023-03-28 00:00:00,3971.27002,-0.001575083,18.3185997,-0.005903271
2023-03-29 00:00:00,4027.810059,0.014136871,18.21920013,-0.00544093
2023-03-30 00:00:00,4050.830078,0.005698999,18.09403038,-0.00689392
2023-03-31 00:00:00,4109.310059,0.014333328,18.08955002,-0.000247646
2023-04-03 00:00:00,4124.509766,0.003692023,18.03915024,-0.002790015
2023-04-04 00:00:00,4100.600098,-0.00581384,18.08757019,0.002680563
2023-04-05 00:00:00,4090.379883,-0.002495482,18.11249924,0.001377293
2023-04-06 00:00:00,4105.02002,0.003572773,18.30879974,0.010779539
2023-04-10 00:00:00,4109.109863,0.000995807,18.13470078,-0.009554532
2023-04-11 00:00:00,4108.939941,-4.13533E-05,18.14310074,0.000463091
2023-04-12 00:00:00,4091.949951,-0.004143456,18.15889931,0.000870397
2023-04-13 00:00:00,4146.220215,0.01317551,18.05509949,-0.005732596
2023-04-14 00:00:00,4137.640137,-0.002071518,18.0189991,-0.002001458
2023-04-17 00:00:00,4151.319824,0.003300704,17.99287987,-0.00145059
2023-04-18 00:00:00,4154.870117,0.000854855,18.03219986,0.002182924
2023-04-19 00:00:00,4154.52002,-8.42655E-05,18.04348946,0.000625884
2023-04-20 00:00:00,4129.790039,-0.005970335,18.04050064,-0.000165659
2023-04-21 00:00:00,4133.52002,0.000902781,17.99790955,-0.002363651
2023-04-24 00:00:00,4137.040039,0.000851217,17.99714088,-4.27093E-05
2023-04-25 00:00:00,4071.629883,-0.015937184,17.96520042,-0.001776329
2023-04-26 00:00:00,4055.98999,-0.003848584,18.04039955,0.004177086
2023-04-27 00:00:00,4135.350098,0.019377193,18.15855026,0.006527876
2023-04-28 00:00:00,4169.47998,0.008219331,18.02449989,-0.007409601
2023-05-01 00:00:00,4167.870117,-0.000386181,17.99139977,-0.001838085
2023-05-02 00:00:00,4119.580078,-0.011653907,17.93769073,-0.002989726
2023-05-03 00:00:00,4090.75,-0.007022908,17.97426987,0.002037157
2023-05-04 00:00:00,4061.219971,-0.007244913,17.95610046,-0.001011368
2023-05-05 00:00:00,4136.25,0.018306166,17.89937973,-0.003163856
2023-05-08 00:00:00,4138.120117,0.000452026,17.76626968,-0.007464362
2023-05-09 00:00:00,4119.169922,-0.004589939,17.78758049,0.00119879
2023-05-10 00:00:00,4137.640137,0.004473942,17.74349976,-0.002481251
2023-05-11 00:00:00,4130.620117,-0.001698065,17.53720093,-0.011694846
2023-05-12 00:00:00,4124.080078,-0.001584562,17.5746994,0.002135942
2023-05-15 00:00:00,4136.279785,0.002953798,17.59625053,0.001225508
2023-05-16 00:00:00,4109.899902,-0.006398108,17.43309975,-0.009315158
2023-05-17 00:00:00,4158.77002,0.011820689,17.4803009,0.002703901
2023-05-18 00:00:00,4198.049805,0.009400723,17.60676956,0.007208878
2023-05-19 00:00:00,4191.97998,-0.001446914,17.71570015,0.006167798
2023-05-22 00:00:00,4192.629883,0.000155023,17.74609947,0.001714483
2023-05-23 00:00:00,4145.580078,-0.011285469,17.87989998,0.007511432
2023-05-24 00:00:00,4115.240234,-0.007345513,17.95820045,0.004369685
2023-05-25 00:00:00,4151.279785,0.008719456,17.79993057,-0.008852304
2023-05-26 00:00:00,4205.450195,0.012964681,17.84630013,0.002601654
2023-05-30 00:00:00,4205.52002,1.66031E-05,17.59881973,-0.013964372
2023-05-31 00:00:00,4179.830078,-0.006127358,17.65570068,0.003226877
2023-06-01 00:00:00,4221.02002,0.009806215,17.67650032,0.001177376
2023-06-02 00:00:00,4282.370117,0.014429812,17.53879929,-0.007820563
2023-06-05 00:00:00,4273.790039,-0.002005591,17.55039978,0.0006612
2023-06-06 00:00:00,4283.850098,0.00235113,17.44589996,-0.005972067
2023-06-07 00:00:00,4267.52002,-0.003819294,17.36770058,-0.004492469
2023-06-08 00:00:00,4293.930176,0.006169572,17.35528946,-0.000714865
2023-06-09 00:00:00,4298.859863,0.001147401,17.37220001,0.0009739
2023-06-12 00:00:00,4338.930176,0.009277975,17.27090073,-0.005848182
2023-06-13 00:00:00,4369.009766,0.006908571,17.28417969,0.000768568
2023-06-14 00:00:00,4372.589844,0.00081909,17.23378944,-0.002919655
2023-06-15 00:00:00,4425.839844,0.01210458,17.12739944,-0.006192471
2023-06-16 00:00:00,4409.589844,-0.003678376,17.12636948,-6.01375E-05
2023-06-20 00:00:00,4388.709961,-0.004746354,17.07299995,-0.003121085
2023-06-21 00:00:00,4365.689941,-0.005259086,17.20363998,0.007622723
2023-06-22 00:00:00,4381.890137,0.00370393,17.11750031,-0.005019639
2023-06-23 00:00:00,4348.330078,-0.007688288,17.17000008,0.00306233
2023-06-26 00:00:00,4328.819824,-0.004496934,17.14710045,-0.00133459
2023-06-27 00:00:00,4378.410156,0.011390734,17.11700058,-0.001756934
2023-06-28 00:00:00,4376.859863,-0.000354139,17.07649994,-0.00236891
2023-06-29 00:00:00,4396.439941,0.004463568,17.08289909,0.000374664
2023-06-30 00:00:00,4450.379883,0.01219435,17.10610008,0.00135722
2023-07-03 00:00:00,4455.589844,0.001169993,17.12080956,0.000859527
2023-07-05 00:00:00,4446.819824,-0.001970258,17.03549957,-0.00499528
2023-07-06 00:00:00,4411.589844,-0.007954061,17.00608063,-0.001728413
2023-07-07 00:00:00,4398.950195,-0.002869213,17.23160934,0.013174486
2023-07-10 00:00:00,4409.529785,0.002402139,17.14785004,-0.004872646
2023-07-11 00:00:00,4439.259766,0.006719584,17.0447998,-0.006027643
2023-07-12 00:00:00,4472.160156,0.007383905,17.02890015,-0.000933251
2023-07-13 00:00:00,4510.040039,0.008434483,16.89642906,-0.007809608
2023-07-14 00:00:00,4505.419922,-0.001024932,16.8466301,-0.002951659
2023-07-17 00:00:00,4522.790039,0.00384797,16.73870087,-0.006427187
2023-07-18 00:00:00,4554.97998,0.007092067,16.71369934,-0.001494753
2023-07-19 00:00:00,4565.720215,0.002355135,16.75214958,0.00229788
2023-07-20 00:00:00,4534.870117,-0.006779827,16.71187019,-0.002407326
2023-07-21 00:00:00,4536.339844,0.000324042,16.86590004,0.009174577
2023-07-24 00:00:00,4554.640137,0.004026038,16.97430038,0.006406624
2023-07-25 00:00:00,4567.459961,0.00281072,16.8260994,-0.008769242
2023-07-26 00:00:00,4566.75,-0.000155451,16.92670059,0.005961075
2023-07-27 00:00:00,4537.410156,-0.006445393,16.86244011,-0.003803622
2023-07-28 00:00:00,4582.22998,0.009829376,16.8470993,-0.000910176
2023-07-31 00:00:00,4588.959961,0.001467635,16.68090057,-0.009914107
2023-08-01 00:00:00,4576.72998,-0.002668645,16.73810005,0.003423174
2023-08-02 00:00:00,4513.390137,-0.013936201,16.87352943,0.008058527
2023-08-03 00:00:00,4501.890137,-0.002551225,17.00079918,0.007514265
2023-08-04 00:00:00,4478.029785,-0.005314169,17.31819916,0.01849757
2023-08-07 00:00:00,4518.439941,0.008983619,17.08099937,-0.013791225
2023-08-08 00:00:00,4499.379883,-0.004227205,17.06469917,-0.000954744
2023-08-09 00:00:00,4467.709961,-0.007063619,17.10639954,0.002440681
2023-08-10 00:00:00,4468.830078,0.000250683,17.05928993,-0.002757716
2023-08-11 00:00:00,4464.049805,-0.001070265,17.06769943,0.000492836
2023-08-14 00:00:00,4489.720215,0.005734005,16.99398994,-0.004328006
2023-08-15 00:00:00,4437.859863,-0.011618139,17.04529953,0.003014729
2023-08-16 00:00:00,4404.330078,-0.007584082,17.12866974,0.004879174
2023-08-17 00:00:00,4370.359863,-0.007742811,17.14409065,0.000899893
2023-08-18 00:00:00,4369.709961,-0.000148718,17.09787941,-0.002699101
2023-08-21 00:00:00,4399.77002,0.006855635,17.02610016,-0.004206975
2023-08-22 00:00:00,4387.549805,-0.002781331,17.01280022,-0.000781455
2023-08-23 00:00:00,4436.009766,0.010984331,16.90645027,-0.006270793
2023-08-24 00:00:00,4376.310059,-0.013549354,16.77910042,-0.007561133
2023-08-25 00:00:00,4405.709961,0.006695501,16.83061028,0.003065179
2023-08-28 00:00:00,4433.310059,0.006245079,16.71879959,-0.006665458
2023-08-29 00:00:00,4497.629883,0.014404069,16.7859993,0.004011354
2023-08-30 00:00:00,4514.870117,0.003825854,16.7866993,4.17004E-05
2023-08-31 00:00:00,4507.660156,-0.001598213,16.75712967,-0.001763045
2023-09-01 00:00:00,4515.77002,0.001797513,16.99822044,0.014284839
2023-09-05 00:00:00,4496.830078,-0.004202998,17.1760807,0.0104091
2023-09-06 00:00:00,4465.47998,-0.006996014,17.38260078,0.011951992
2023-09-07 00:00:00,4451.140137,-0.003216433,17.57889938,0.011229533
2023-09-08 00:00:00,4457.490234,0.001425606,17.57729912,-9.10375E-05
2023-09-11 00:00:00,4487.459961,0.006700951,17.54314041,-0.001945233
2023-09-12 00:00:00,4461.899902,-0.005712169,17.28103065,-0.015053608
2023-09-13 00:00:00,4467.439941,0.001240862,17.21339989,-0.003921262
2023-09-14 00:00:00,4505.100098,0.008394586,17.13059998,-0.004821807
2023-09-15 00:00:00,4450.319824,-0.012234146,17.10635948,-0.001416043
2023-09-18 00:00:00,4453.529785,0.000721028,17.04739952,-0.003452623
2023-09-19 00:00:00,4443.950195,-0.002153327,17.11669922,0.004056878
2023-09-20 00:00:00,4402.200195,-0.009439204,17.06485939,-0.003033207
2023-09-21 00:00:00,4330,-0.016536918,17.09215927,0.001598494
2023-09-22 00:00:00,4320.060059,-0.002298237,17.21109962,0.006934666
2023-09-25 00:00:00,4337.439941,0.004014994,17.17359924,-0.002181226
2023-09-26 00:00:00,4273.529785,-0.014844165,17.38439941,0.012199942
2023-09-27 00:00:00,4274.509766,0.000229288,17.54500961,0.009196338
2023-09-28 00:00:00,4299.700195,0.005875877,17.68695068,0.008057561
2023-09-29 00:00:00,4288.049805,-0.00271326,17.53894043,-0.008403542
2023-10-02 00:00:00,4288.390137,7.93644E-05,17.39539909,-0.008217825
2023-10-03 00:00:00,4229.450195,-0.013839396,17.66250038,0.015238018
2023-10-04 00:00:00,4263.75,0.008077048,18.00939941,0.019450042
2023-10-05 00:00:00,4258.189941,-0.001304881,17.97809982,-0.001739471
2023-10-06 00:00:00,4308.5,0.011745642,18.27813911,0.016551421
2023-10-09 00:00:00,4335.660156,0.006284068,18.22800064,-0.002746853
2023-10-10 00:00:00,4358.240234,0.005194476,18.20767975,-0.001115439
2023-10-11 00:00:00,4376.950195,0.00428382,17.93403053,-0.015143414
2023-10-12 00:00:00,4349.609863,-0.006266025,17.83716965,-0.005415593
2023-10-13 00:00:00,4327.779785,-0.005031496,17.97064972,0.007455393
2023-10-16 00:00:00,4373.629883,0.010538642,18.04999924,0.004405787
2023-10-17 00:00:00,4373.200195,-9.82499E-05,17.90700912,-0.007953435
2023-10-18 00:00:00,4314.600098,-0.013490408,18.00180054,0.005279575
2023-10-19 00:00:00,4278,-0.008519032,18.23520088,0.012882058
2023-10-20 00:00:00,4224.160156,-0.012665149,18.30850029,0.004011608
2023-10-23 00:00:00,4217.040039,-0.001686992,18.2010994,-0.00588345
2023-10-24 00:00:00,4247.680176,0.007239524,18.13229942,-0.003787152
2023-10-25 00:00:00,4186.77002,-0.014443435,18.25906944,0.006967066
2023-10-26 00:00:00,4137.22998,-0.011903081,18.32740021,0.003735307
2023-10-27 00:00:00,4117.370117,-0.004811839,18.13619995,-0.010487281
2023-10-30 00:00:00,4166.819824,0.011938474,18.10548973,-0.001694746
2023-10-31 00:00:00,4193.799805,0.006454085,18.04809952,-0.003174803
2023-11-01 00:00:00,4237.859863,0.010451195,18.04669952,-7.75732E-05
2023-11-02 00:00:00,4317.779785,0.018682939,17.76235008,-0.015881763
2023-11-03 00:00:00,4358.339844,0.009349884,17.52700043,-0.01333848
2023-11-06 00:00:00,4365.97998,0.001751458,17.47212982,-0.003135544
2023-11-07 00:00:00,4378.379883,0.002836093,17.5352993,0.003608922
2023-11-08 00:00:00,4382.779785,0.001004411,17.47019958,-0.003719404
2023-11-09 00:00:00,4347.350098,-0.008116691,17.52519989,0.00314329
2023-11-10 00:00:00,4415.240234,0.015495759,17.78936005,0.01496069
2023-11-13 00:00:00,4411.549805,-0.000836188,17.65640068,-0.007502166
2023-11-14 00:00:00,4495.700195,0.01889537,17.60009956,-0.003193803
2023-11-15 00:00:00,4502.879883,0.001595738,17.33250046,-0.015321181
2023-11-16 00:00:00,4508.240234,0.001189719,17.29616928,-0.00209833
2023-11-17 00:00:00,4514.02002,0.001281228,17.22579956,-0.004076814
2023-11-20 00:00:00,4547.379883,0.007363104,17.21968079,-0.000355273
2023-11-21 00:00:00,4538.189941,-0.002022976,17.11074066,-0.006346586
2023-11-22 00:00:00,4556.620117,0.004052905,17.18959999,0.004598174
2023-11-24 00:00:00,4559.339844,0.000596696,17.18650055,-0.000180325
2023-11-27 00:00:00,4550.430176,-0.001956069,17.11385918,-0.00423561
2023-11-28 00:00:00,4554.890137,0.000979639,17.15859985,0.002610884
2023-11-29 00:00:00,4550.580078,-0.000946697,17.12100029,-0.0021937
2023-11-30 00:00:00,4567.799805,0.003776931,17.28280067,0.009406029
2023-12-01 00:00:00,4594.629883,0.005856559,17.37630081,0.005395429
2023-12-04 00:00:00,4569.779785,-0.005423188,17.18876076,-0.01085153
2023-12-05 00:00:00,4567.180176,-0.000569032,17.45409966,0.015318832
2023-12-06 00:00:00,4549.339844,-0.003913852,17.35829926,-0.005503823
2023-12-07 00:00:00,4585.589844,0.007936611,17.28746033,-0.004089333
2023-12-08 00:00:00,4604.370117,0.004087134,17.47204971,0.010621043
2023-12-11 00:00:00,4622.439941,0.003916814,17.3470993,-0.00717714
2023-12-12 00:00:00,4643.700195,0.004588813,17.36989975,0.001313503
2023-12-13 00:00:00,4707.089844,0.013558345,17.30376053,-0.003814959
2023-12-14 00:00:00,4719.549805,0.002643565,17.26226044,-0.002401208
2023-12-15 00:00:00,4719.189941,-7.62524E-05,17.1903801,-0.00417271
2023-12-18 00:00:00,4740.560059,0.004518122,17.22120094,0.001791307
2023-12-19 00:00:00,4768.370117,0.005849267,17.16270065,-0.003402775
2023-12-20 00:00:00,4698.350098,-0.014793148,17.05979919,-0.006013691
2023-12-21 00:00:00,4746.75,0.010248769,17.13316917,0.004291531
2023-12-22 00:00:00,4754.629883,0.001658682,17.03126907,-0.005965291
2023-12-26 00:00:00,4774.75,0.004222761,16.97520065,-0.003297518
2023-12-27 00:00:00,4781.580078,0.001429436,16.97360039,-9.42752E-05
2023-12-28 00:00:00,4783.350098,0.000370106,16.91360092,-0.003541132
2023-12-29 00:00:00,4769.830078,-0.002830477,16.95120049,0.00222057
2024-01-02 00:00:00,4742.830078,-0.005676661,16.96250916,0.000666908
2024-01-03 00:00:00,4704.810059,-0.008048618,17.01939964,0.003348284
2024-01-04 00:00:00,4688.680176,-0.003434272,17.01214981,-0.000426065
2024-01-05 00:00:00,4697.240234,0.001824022,17.00860023,-0.000208671
2024-01-08 00:00:00,4763.540039,0.014015945,16.88093948,-0.007533968
2024-01-09 00:00:00,4756.5,-0.001478994,16.83370018,-0.002802304
2024-01-10 00:00:00,4783.450195,0.005649981,16.96665955,0.007867375
2024-01-11 00:00:00,4780.240234,-0.000671281,16.98166084,0.000883773
2024-01-12 00:00:00,4783.830078,0.000750694,16.90155983,-0.004728073
2024-01-16 00:00:00,4765.97998,-0.003738319,16.88479996,-0.000992109
2024-01-17 00:00:00,4739.209961,-0.005632731,17.19790077,0.018373522
2024-01-18 00:00:00,4780.939941,0.008766721,17.19260025,-0.000308255
2024-01-19 00:00:00,4839.810059,0.012238308,17.16835976,-0.001410933
2024-01-22 00:00:00,4850.430176,0.002191921,17.09314919,-0.00439039
2024-01-23 00:00:00,4864.600098,0.002917115,17.17469978,0.004759607
2024-01-24 00:00:00,4868.549805,0.000811599,17.30606079,0.007619417
2024-01-25 00:00:00,4894.160156,0.005246578,17.23415947,-0.004163345
2024-01-26 00:00:00,4890.970215,-0.000651998,17.18950081,-0.002594651
2024-01-29 00:00:00,4927.930176,0.007528366,17.16861916,-0.00121553
2024-01-30 00:00:00,4924.970215,-0.00060083,17.21956062,0.002962733
2024-01-31 00:00:00,4845.649902,-0.016236852,17.15270996,-0.003889807
2024-02-01 00:00:00,4906.189941,0.012416286,17.2175293,0.003771834
2024-02-02 00:00:00,4958.609863,0.010627771,17.06749916,-0.008751989
2024-02-05 00:00:00,4942.810059,-0.003191425,17.15069008,0.004862389
2024-02-06 00:00:00,4954.22998,0.002307746,17.10910034,-0.002427905
2024-02-07 00:00:00,4995.060059,0.008207683,17.02799988,-0.004751465
2024-02-08 00:00:00,4997.910156,0.000570421,17.04540062,0.001021368
2024-02-09 00:00:00,5026.609863,0.005725917,17.13170052,0.00505017
2024-02-12 00:00:00,5021.839844,-0.000949404,17.07542992,-0.003289995
2024-02-13 00:00:00,4953.169922,-0.013768609,17.06776047,-0.000449252
2024-02-14 00:00:00,5000.620117,0.009534168,17.2020092,0.00783486
2024-02-15 00:00:00,5029.72998,0.005804373,17.07519913,-0.007399124
2024-02-16 00:00:00,5005.569824,-0.004815044,17.04017067,-0.00205353
2024-02-20 00:00:00,4975.509766,-0.006023426,17.03420067,-0.00035041
2024-02-21 00:00:00,4981.799805,0.001263401,17.05979919,0.001501644
2024-02-22 00:00:00,5087.029785,0.020902889,17.03310013,-0.001566254
2024-02-23 00:00:00,5088.799805,0.000347887,17.10733986,0.004349086
2024-02-26 00:00:00,5069.529785,-0.003793939,17.11392975,0.000385134
2024-02-27 00:00:00,5078.180176,0.001704896,17.08169937,-0.001885059
2024-02-28 00:00:00,5069.759766,-0.001659531,17.06695938,-0.000863284
2024-02-29 00:00:00,5096.27002,0.00521547,17.08729935,0.001191065
2024-03-01 00:00:00,5137.080078,0.007975936,17.05006027,-0.002181721
2024-03-04 00:00:00,5130.950195,-0.001193975,17.0093708,-0.002389323
2024-03-05 00:00:00,5078.649902,-0.010245406,16.9550705,-0.003197483
2024-03-06 00:00:00,5104.759766,0.005127933,16.9321003,-0.001355687
2024-03-07 00:00:00,5157.359863,0.010251402,16.86779976,-0.003804781
2024-03-08 00:00:00,5123.689941,-0.006549923,16.86470032,-0.000183766
2024-03-11 00:00:00,5117.939941,-0.001122868,16.80361938,-0.003628396
2024-03-12 00:00:00,5175.27002,0.011139513,16.79896927,-0.000276771
2024-03-13 00:00:00,5165.310059,-0.001926384,16.78429985,-0.000873615
2024-03-14 00:00:00,5150.47998,-0.002875221,16.6693306,-0.006873377
2024-03-15 00:00:00,5117.089844,-0.006504023,16.70186043,0.001949576
2024-03-18 00:00:00,5149.419922,0.006298184,16.72039986,0.001109406
2024-03-19 00:00:00,5178.509766,0.005633253,16.83086014,0.006584592
2024-03-20 00:00:00,5224.620117,0.008864766,16.79990005,-0.001841177
2024-03-21 00:00:00,5241.529785,0.003231309,16.66769981,-0.007900234
2024-03-22 00:00:00,5234.180176,-0.001403172,16.72680092,0.003539575
2024-03-25 00:00:00,5218.189941,-0.00305964,16.75830078,0.001881426
2024-03-26 00:00:00,5203.580078,-0.002803722,16.67070007,-0.005241013
2024-03-27 00:00:00,5248.490234,0.008593596,16.63159943,-0.002348226
2024-03-28 00:00:00,5254.350098,0.001115863,16.55069923,-0.004876115
2024-04-01 00:00:00,5243.77002,-0.002015615,16.55545044,0.000287029
2024-04-02 00:00:00,5205.810059,-0.007265388,16.60880089,0.00321735
2024-04-03 00:00:00,5211.490234,0.001090528,16.54990005,-0.003552666
2024-04-04 00:00:00,5147.209961,-0.012411036,16.52700043,-0.00138463
2024-04-05 00:00:00,5204.339844,0.01103805,16.57320023,0.002791514
2024-04-08 00:00:00,5202.390137,-0.000374701,16.45199966,-0.007339917
2024-04-09 00:00:00,5209.910156,0.001444449,16.31430054,-0.008404973
2024-04-10 00:00:00,5160.640137,-0.009501982,16.38331032,0.004221096
2024-04-11 00:00:00,5199.060059,0.007417222,16.45249939,0.004214251
2024-04-12 00:00:00,5123.410156,-0.014657588,16.42609978,-0.001605885
2024-04-15 00:00:00,5061.819824,-0.012094196,16.61108017,0.011198433
2024-04-16 00:00:00,5051.410156,-0.002058625,16.69440079,0.005003428
2024-04-17 00:00:00,5022.209961,-0.005797375,17.03334045,0.020099246
2024-04-18 00:00:00,5011.120117,-0.002210602,16.95630074,-0.004533137
2024-04-19 00:00:00,4967.22998,-0.00879713,17.07496071,0.006973615
2024-04-22 00:00:00,5010.600098,0.008693351,17.09199905,0.000997358
2024-04-23 00:00:00,5070.549805,0.011893567,17.13698006,0.002628242
2024-04-24 00:00:00,5071.629883,0.000212987,16.94919968,-0.011018089
2024-04-25 00:00:00,5048.419922,-0.004586934,17.07010078,0.007107825
2024-04-26 00:00:00,5099.959961,0.010157381,17.20181084,0.007686219
2024-04-29 00:00:00,5116.169922,0.003173408,17.16404915,-0.002197629
2024-04-30 00:00:00,5035.689941,-0.015855551,17.01156044,-0.008923892
2024-05-01 00:00:00,5018.390137,-0.003441353,17.14991951,0.008100341
2024-05-02 00:00:00,5064.200195,0.009087025,16.92860031,-0.012988963
2024-05-03 00:00:00,5127.790039,0.012478558,16.96170044,0.001953369
2024-05-06 00:00:00,5180.740234,0.010273174,16.98026085,0.001093656
2024-05-07 00:00:00,5187.700195,0.001342528,16.88334084,-0.005724157
2024-05-08 00:00:00,5187.669922,-5.83564E-06,16.90406036,0.001226465
2024-05-09 00:00:00,5214.080078,0.005078033,16.9160099,0.000706654
2024-05-10 00:00:00,5222.680176,0.00164804,16.77949905,-0.008102658
2024-05-13 00:00:00,5221.419922,-0.000241333,16.76720047,-0.000733222
2024-05-14 00:00:00,5246.680176,0.004826149,16.78319931,0.00095372
2024-05-15 00:00:00,5308.149902,0.011647828,16.84416008,0.003625669
2024-05-16 00:00:00,5297.100098,-0.002083837,16.68106079,-0.009730022
2024-05-17 00:00:00,5303.27002,0.001164096,16.67815971,-0.00017393
2024-05-20 00:00:00,5308.129883,0.00091597,16.5862999,-0.005523015
2024-05-21 00:00:00,5321.410156,0.00249875,16.55257034,-0.00203565
2024-05-22 00:00:00,5307.009766,-0.002709791,16.60659981,0.003258798
2024-05-23 00:00:00,5267.839844,-0.007408162,16.66163063,0.003308314
2024-05-24 00:00:00,5304.720215,0.006976649,16.73036957,0.004117096
2024-05-28 00:00:00,5306.040039,0.000248771,16.66235924,-0.004073367
2024-05-29 00:00:00,5266.950195,-0.007394317,16.78140068,0.007118933
2024-05-30 00:00:00,5235.47998,-0.005992958,17.01758003,0.013975759
2024-05-31 00:00:00,5277.509766,0.007995824,17.00581932,-0.000691331
2024-06-03 00:00:00,5283.399902,0.00111546,16.97260094,-0.001955264
2024-06-04 00:00:00,5291.339844,0.001501681,17.70042992,0.041988594
2024-06-05 00:00:00,5354.029785,0.011778016,17.81191063,0.006278442
2024-06-06 00:00:00,5352.959961,-0.000199837,17.50349998,-0.01746651
2024-06-07 00:00:00,5346.990234,-0.001115842,17.87995911,0.021279623
2024-06-10 00:00:00,5360.790039,0.00257753,18.32584953,0.024632123
2024-06-11 00:00:00,5375.319824,0.002706715,18.57221031,0.013353788
2024-06-12 00:00:00,5421.029785,0.00846772,18.58061981,0.000452698
2024-06-13 00:00:00,5433.740234,0.002341911,18.75414085,0.009295482
2024-06-14 00:00:00,5431.600098,-0.000393938,18.41518021,-0.018239238
2024-06-17 00:00:00,5473.22998,0.007635164,18.4557991,0.0022033
2024-06-18 00:00:00,5487.029785,0.002518154,18.52090073,0.003521228
2024-06-20 00:00:00,5473.169922,-0.002529127,18.42744064,-0.00505897
2024-06-21 00:00:00,5464.620117,-0.001563352,18.34238052,-0.004626635
2024-06-24 00:00:00,5447.870117,-0.003069879,18.12978935,-0.011657852
2024-06-25 00:00:00,5469.299805,0.003925874,17.94471931,-0.010260523
2024-06-26 00:00:00,5477.899902,0.001571196,18.11129951,0.009240143
2024-06-27 00:00:00,5482.870117,0.00090691,18.3010006,0.01041971
2024-06-28 00:00:00,5460.47998,-0.004092013,18.42976952,0.00701153
2024-07-01 00:00:00,5475.089844,0.002671991,18.26530075,-0.00896414
2024-07-02 00:00:00,5509.009766,0.006176206,18.36639977,0.005519769
2024-07-03 00:00:00,5537.02002,0.005071562,18.25219917,-0.00623732
2024-07-05 00:00:00,5567.189941,0.005433974,18.08040047,-0.009457071
2024-07-08 00:00:00,5572.850098,0.001016182,18.08827972,0.000435695
2024-07-09 00:00:00,5576.97998,0.000740797,17.97360039,-0.006360163
2024-07-10 00:00:00,5633.910156,0.010156315,17.89533997,-0.004363694
2024-07-11 00:00:00,5584.540039,-0.00880165,17.83653069,-0.003291702
2024-07-12 00:00:00,5615.350098,0.005501864,17.75325966,-0.004679498
2024-07-15 00:00:00,5631.220215,0.002822216,17.69873047,-0.00307623
2024-07-16 00:00:00,5667.200195,0.00636905,17.71579933,0.000963947
2024-07-17 00:00:00,5588.27002,-0.014025442,17.65041924,-0.003697323
2024-07-18 00:00:00,5544.589844,-0.007847112,17.72019958,0.003945673
2024-07-19 00:00:00,5505,-0.007165879,17.95849991,0.013358327
2024-07-22 00:00:00,5564.410156,0.010734217,17.9706192,0.000674622
2024-07-23 00:00:00,5555.740234,-0.001559318,17.93059921,-0.002229451
2024-07-24 00:00:00,5427.129883,-0.023421242,18.16315079,0.012886153
2024-07-25 00:00:00,5399.220215,-0.005155889,18.36031914,0.010796908
2024-07-26 00:00:00,5459.100098,0.01102942,18.43989944,0.004324998
2024-07-29 00:00:00,5463.540039,0.00081298,18.4272995,-0.000683531
2024-07-30 00:00:00,5436.439941,-0.004972514,18.64089966,0.011524839
2024-07-31 00:00:00,5522.299805,0.015669981,18.75279999,0.005985001
2024-08-01 00:00:00,5446.680176,-0.013788124,18.64003944,-0.006031149
2024-08-02 00:00:00,5346.560059,-0.018552907,18.92379951,0.015108438
2024-08-05 00:00:00,5186.330078,-0.030427041,19.52843094,0.031451037
2024-08-06 00:00:00,5240.029785,0.010300849,19.19502068,-0.017220495
2024-08-07 00:00:00,5199.5,-0.007764715,19.58378029,0.020050782
2024-08-08 00:00:00,5319.310059,0.02278114,19.33470917,-0.012799804
2024-08-09 00:00:00,5344.160156,0.004660798,18.86026955,-0.024844314
2024-08-12 00:00:00,5344.390137,4.30331E-05,18.82218933,-0.002021112
2024-08-13 00:00:00,5434.430176,0.016707233,19.05979919,0.012544905
2024-08-14 00:00:00,5455.209961,0.003816437,18.9980793,-0.003243478
2024-08-15 00:00:00,5543.220215,0.01600449,18.81170082,-0.009858824
2024-08-16 00:00:00,5554.25,0.001987802,18.63619995,-0.009373137
2024-08-19 00:00:00,5608.25,0.009675327,18.62586021,-0.000554974
2024-08-20 00:00:00,5597.120117,-0.001986527,18.66510963,0.002105037
2024-08-21 00:00:00,5620.850098,0.004230715,19.00984955,0.018301256
2024-08-22 00:00:00,5570.640137,-0.008972942,19.27713013,0.013962184
2024-08-23 00:00:00,5634.609863,0.011417937,19.49020004,0.010992352
2024-08-26 00:00:00,5616.839844,-0.00315871,19.21224976,-0.014363694
2024-08-27 00:00:00,5625.799805,0.001593925,19.37450027,0.008409699
2024-08-28 00:00:00,5592.180176,-0.005993901,19.77079964,0.020248301
2024-08-29 00:00:00,5591.959961,-3.93798E-05,19.6644001,-0.005396184
2024-08-30 00:00:00,5648.399902,0.010042457,19.83419991,0.008597816
2024-09-03 00:00:00,5528.930176,-0.021377963,19.83639908,0.000110872
2024-09-04 00:00:00,5520.069824,-0.001603829,19.79540062,-0.002068969
2024-09-05 00:00:00,5503.410156,-0.003022581,19.94874954,0.007716843
2024-09-06 00:00:00,5408.419922,-0.017410945,19.88138008,-0.003382842
2024-09-09 00:00:00,5471.049805,0.011513534,19.94020081,0.002954216
2024-09-10 00:00:00,5495.52002,0.0044627,19.89137077,-0.002451827
2024-09-11 00:00:00,5554.129883,0.010608556,20.08941078,0.009906841
2024-09-12 00:00:00,5595.759766,0.007467352,19.79590034,-0.014717986
2024-09-13 00:00:00,5626.02002,0.005393142,19.52079964,-0.013994318
2024-09-16 00:00:00,5633.089844,0.001255841,19.1522007,-0.019062917
2024-09-17 00:00:00,5634.580078,0.000264515,19.20560074,0.002784314
2024-09-18 00:00:00,5618.259766,-0.002900659,19.11553001,-0.004700847
2024-09-19 00:00:00,5713.640137,0.016834357,19.24327087,0.00666034
2024-09-20 00:00:00,5702.549805,-0.001942914,19.29999924,0.002943622
2024-09-23 00:00:00,5718.569824,0.002805334,19.37656021,0.003959043
2024-09-24 00:00:00,5732.930176,0.002508031,19.41539955,0.002002443
2024-09-25 00:00:00,5722.259766,-0.001862983,19.30820084,-0.005536623
2024-09-26 00:00:00,5745.370117,0.004030542,19.63660049,0.016865278
2024-09-27 00:00:00,5738.169922,-0.001254003,19.61591911,-0.001053761
2024-09-30 00:00:00,5762.47998,0.004227604,19.63050079,0.000743083
2024-10-01 00:00:00,5708.75,-0.009367849,19.66360092,0.001684738
2024-10-02 00:00:00,5709.540039,0.000138381,19.62644005,-0.001891619
2024-10-03 00:00:00,5699.939941,-0.001682829,19.40819931,-0.011182018
2024-10-04 00:00:00,5751.069824,0.008930256,19.33550072,-0.0037528
2024-10-07 00:00:00,5695.939941,-0.009632264,19.27667999,-0.003046747
2024-10-08 00:00:00,5751.129883,0.009642707,19.28967094,0.000673694
2024-10-09 00:00:00,5792.040039,0.007088231,19.34539986,0.002884889
2024-10-10 00:00:00,5780.049805,-0.002072269,19.46744919,0.006289141
2024-10-11 00:00:00,5815.029785,0.006033609,19.43840027,-0.001493293
2024-10-14 00:00:00,5859.850098,0.007678115,19.29953957,-0.007169266
2024-10-15 00:00:00,5815.259766,-0.007638566,19.4259491,0.006528516
2024-10-16 00:00:00,5842.470215,0.004668233,19.69510078,0.013760159
2024-10-17 00:00:00,5841.470215,-0.000171175,19.89870071,0.010284525
2024-10-18 00:00:00,5864.669922,0.003963687,19.81681061,-0.004123841
2024-10-21 00:00:00,5853.97998,-0.001824433,19.86856079,0.002608025
2024-10-22 00:00:00,5851.200195,-0.000474967,19.96080017,0.004631736
2024-10-23 00:00:00,5797.419922,-0.009233824,19.93619919,-0.001233225
2024-10-24 00:00:00,5809.859863,0.002143473,19.8324604,-0.005217124
2024-10-25 00:00:00,5808.120117,-0.000299492,19.81419945,-0.000921185
2024-10-28 00:00:00,5823.52002,0.002647935,19.94656944,0.006658346
2024-10-29 00:00:00,5832.919922,0.001612826,20.02873993,0.004111068
2024-10-30 00:00:00,5813.669922,-0.003305692,20.0537796,0.001249406
2024-10-31 00:00:00,5705.450195,-0.018790135,20.16394043,0.005478237
2024-11-01 00:00:00,5728.799805,0.004084158,20.0506897,-0.00563233
2024-11-04 00:00:00,5712.689941,-0.002816045,20.08181953,0.001551353
2024-11-05 00:00:00,5782.759766,0.012191031,20.09390068,0.000601415
2024-11-06 00:00:00,5929.040039,0.024981281,20.13159943,0.001874371
2024-11-07 00:00:00,5973.100098,0.007403754,20.16700935,0.001757378
2024-11-08 00:00:00,5995.540039,0.003749794,19.79356956,-0.018690953
2024-11-11 00:00:00,6001.350098,0.000968594,20.13759995,0.017231596
2024-11-12 00:00:00,5983.990234,-0.002896851,20.33950043,0.009976118
2024-11-13 00:00:00,5985.379883,0.000232201,20.58270073,0.011886123
2024-11-14 00:00:00,5949.169922,-0.006068109,20.51840019,-0.003128899
2024-11-15 00:00:00,5870.620117,-0.013291431,20.43860054,-0.003896758
2024-11-18 00:00:00,5893.620117,0.00391016,20.35617065,-0.004041204
2024-11-19 00:00:00,5916.97998,0.003955751,20.21328926,-0.00704382
2024-11-20 00:00:00,5917.109863,2.19506E-05,20.10972023,-0.005136981
2024-11-21 00:00:00,5948.709961,0.005326252,20.27462006,0.008166569
2024-11-22 00:00:00,5969.339844,0.00346196,20.41411972,0.006856944
2024-11-25 00:00:00,5987.370117,0.003015928,20.35083961,-0.003104635
2024-11-26 00:00:00,6021.629883,0.005705697,20.58046913,0.011220356
2024-11-27 00:00:00,5998.740234,-0.003808481,20.65250015,0.003493859
2024-11-29 00:00:00,6032.379883,0.00559212,20.43619919,-0.010528586
2024-12-02 00:00:00,6047.149902,0.002445464,20.37861061,-0.002821947
2024-12-03 00:00:00,6049.879883,0.000451347,20.40690041,0.001387248
2024-12-04 00:00:00,6086.490234,0.006033182,20.30389977,-0.005060125
2024-12-05 00:00:00,6075.109863,-0.001871526,20.30863953,0.000233414
2024-12-06 00:00:00,6090.27002,0.002492345,20.19179916,-0.005769848
2024-12-09 00:00:00,6052.850098,-0.006163167,20.17090034,-0.001035551
2024-12-10 00:00:00,6034.910156,-0.002968284,20.2458992,0.003711276
2024-12-11 00:00:00,6084.189941,0.008132626,20.16076088,-0.00421408
2024-12-12 00:00:00,6051.25,-0.005428731,20.11420059,-0.002312122
2024-12-13 00:00:00,6051.089844,-2.6467E-05,20.19109917,0.003815809
2024-12-16 00:00:00,6074.080078,0.003792155,20.10541916,-0.004252483
2024-12-17 00:00:00,6050.609863,-0.003871479,20.13381958,0.001411579
2024-12-18 00:00:00,5872.160156,-0.029936505,20.17374992,0.001981283
2024-12-19 00:00:00,5867.080078,-0.000865487,20.37470055,0.009911711
2024-12-20 00:00:00,5930.850098,0.010810479,20.33399963,-0.001999618
2024-12-23 00:00:00,5974.069824,0.00726085,20.06343079,-0.01339555
2024-12-24 00:00:00,6040.040039,0.010982233,20.16930008,0.005262856
2024-12-26 00:00:00,6037.589844,-0.000405741,20.1566391,-0.000627932
2024-12-27 00:00:00,5970.839844,-0.011117305,20.20479965,0.002386465
2024-12-30 00:00:00,5906.939941,-0.010759674,20.31316948,0.005349236
2024-12-31 00:00:00,5881.629883,-0.004294006,20.63220024,0.015583555
